timestamp,node_id,node_tier,latitude,longitude,elevation_m,vertical_displacement_mm,horizontal_displacement_mm,vertical_displacement_rate_mm_per_time,horizontal_displacement_rate_mm_per_time,tilt_x_deg,tilt_y_deg,tilt_magnitude_deg,tilt_change_deg,tilt_rate_deg_per_time
2026-01-01 00:00:00,N_GNSS_01,GNSS Reference,23.7421,86.41230027,245.2002,-0.178,27.384,0.0,0.0,0.02908,-0.014471,0.032481,0.0,0.0
2026-01-01 00:00:00,N_GNSS_02,GNSS Reference,23.74284996,86.41315019,247.8501,-0.127,19.745,0.0,0.0,0.027496,-0.016117,0.031871,0.0,0.0
2026-01-01 00:00:00,N_GNSS_03,GNSS Reference,23.74154996,86.41405013,243.599,0.975,14.385,0.0,0.0,0.029899,-0.016937,0.034362,0.0,0.0
2026-01-01 00:00:00,N_GNSS_04,GNSS Reference,23.74330006,86.4147003,249.0988,1.166,31.627,0.0,0.0,0.029012,-0.01488,0.032606,0.0,0.0
2026-01-01 00:00:00,N_GNSS_05,GNSS Reference,23.74094989,86.41300022,241.7498,0.202,26.135,0.0,0.0,0.030752,-0.015953,0.034644,0.0,0.0
2026-01-01 00:00:00,N_GNSS_06,GNSS Reference,23.74384986,86.41205025,251.3493,0.724,30.215,0.0,0.0,0.031106,-0.017948,0.035912,0.0,0.0
2026-01-01 00:10:00,N_GNSS_01,GNSS Reference,23.74210012,86.41230024,245.2006,-0.585,28.047,-2.444,3.982,0.030978,-0.018938,0.036308,0.003827,0.022962
2026-01-01 00:10:00,N_GNSS_02,GNSS Reference,23.74285,86.41315025,247.8501,-0.083,25.729,0.265,35.899,0.030264,-0.017215,0.034817,0.002946,0.017676
2026-01-01 00:10:00,N_GNSS_03,GNSS Reference,23.74155004,86.4140503,243.6006,-0.603,31.321,-9.47,101.621,0.029376,-0.01606,0.03348,-0.000882,-0.005295
2026-01-01 00:10:00,N_GNSS_04,GNSS Reference,23.74330008,86.41470025,249.1001,-0.12,26.696,-7.712,-29.582,0.030323,-0.016024,0.034296,0.001691,0.010143
2026-01-01 00:10:00,N_GNSS_05,GNSS Reference,23.74095004,86.4130003,241.7495,0.488,31.078,1.716,29.658,0.030198,-0.016285,0.034309,-0.000335,-0.002008
2026-01-01 00:10:00,N_GNSS_06,GNSS Reference,23.74384996,86.41205028,251.35,0.009,29.131,-4.289,-6.504,0.030968,-0.015455,0.03461,-0.001303,-0.007816
2026-01-01 00:20:00,N_GNSS_01,GNSS Reference,23.74210009,86.41230023,245.1987,1.304,25.449,11.337,-15.589,0.031982,-0.015624,0.035595,-0.000714,-0.004282
2026-01-01 00:20:00,N_GNSS_02,GNSS Reference,23.74284997,86.41315019,247.8501,-0.113,20.175,-0.18,-33.319,0.029392,-0.017516,0.034215,-0.000602,-0.003611
2026-01-01 00:20:00,N_GNSS_03,GNSS Reference,23.74155004,86.41405032,243.5995,0.504,32.806,6.641,8.906,0.030201,-0.01729,0.0348,0.00132,0.007922
2026-01-01 00:20:00,N_GNSS_04,GNSS Reference,23.74329999,86.41470021,249.1006,-0.604,21.537,-2.906,-30.959,0.031815,-0.017193,0.036164,0.001868,0.011207
2026-01-01 00:20:00,N_GNSS_05,GNSS Reference,23.7409501,86.41300025,241.7504,-0.389,28.118,-5.262,-17.762,0.031375,-0.016328,0.03537,0.00106,0.006362
2026-01-01 00:20:00,N_GNSS_06,GNSS Reference,23.74385007,86.41205027,251.3509,-0.892,28.948,-5.407,-1.102,0.028201,-0.015927,0.032387,-0.002222,-0.013334
2026-01-01 00:30:00,N_GNSS_01,GNSS Reference,23.74210001,86.41230028,245.1996,0.427,28.77,-5.262,19.928,0.030318,-0.017356,0.034934,-0.00066,-0.003962
2026-01-01 00:30:00,N_GNSS_02,GNSS Reference,23.74285006,86.4131503,247.8505,-0.497,31.722,-2.307,69.277,0.032265,-0.015793,0.035923,0.001708,0.010245
2026-01-01 00:30:00,N_GNSS_03,GNSS Reference,23.74154998,86.41405027,243.5991,0.872,27.336,2.209,-32.817,0.03148,-0.017422,0.03598,0.001179,0.007077
2026-01-01 00:30:00,N_GNSS_04,GNSS Reference,23.74330003,86.41470032,249.0993,0.746,32.861,8.098,67.949,0.030729,-0.018581,0.03591,-0.000254,-0.001522
2026-01-01 00:30:00,N_GNSS_05,GNSS Reference,23.74095002,86.41300027,241.7504,-0.379,27.772,0.063,-2.076,0.029765,-0.015483,0.033551,-0.001819,-0.010912
2026-01-01 00:30:00,N_GNSS_06,GNSS Reference,23.74384989,86.41205028,251.3492,0.825,31.314,10.3,14.198,0.029435,-0.016859,0.033921,0.001534,0.009204
2026-01-01 00:40:00,N_GNSS_01,GNSS Reference,23.74209986,86.41230028,245.2012,-1.163,32.77,-9.543,24.0,0.032261,-0.016845,0.036394,0.00146,0.00876
2026-01-01 00:40:00,N_GNSS_02,GNSS Reference,23.74285009,86.41315019,247.8499,0.139,21.432,3.817,-61.735,0.031365,-0.016553,0.035465,-0.000458,-0.002747
2026-01-01 00:40:00,N_GNSS_03,GNSS Reference,23.74155009,86.41405038,243.5979,2.145,39.477,7.642,72.846,0.030933,-0.017369,0.035476,-0.000504,-0.003025
2026-01-01 00:40:00,N_GNSS_04,GNSS Reference,23.74330001,86.41470038,249.1006,-0.573,38.97,-7.914,36.651,0.032328,-0.016343,0.036224,0.000313,0.001881
2026-01-01 00:40:00,N_GNSS_05,GNSS Reference,23.74094993,86.41300021,241.7503,-0.269,22.176,0.657,-33.575,0.030596,-0.016724,0.034868,0.001317,0.007905
2026-01-01 00:40:00,N_GNSS_06,GNSS Reference,23.7438501,86.41205023,251.3509,-0.895,25.89,-10.317,-32.543,0.030233,-0.017055,0.034712,0.00079,0.004742
2026-01-01 00:50:00,N_GNSS_01,GNSS Reference,23.74210008,86.41230028,245.2008,-0.803,30.284,2.163,-14.919,0.031829,-0.017196,0.036178,-0.000217,-0.0013
2026-01-01 00:50:00,N_GNSS_02,GNSS Reference,23.74285015,86.41315023,247.8489,1.073,28.299,5.603,41.202,0.030338,-0.016549,0.034558,-0.000906,-0.005439
2026-01-01 00:50:00,N_GNSS_03,GNSS Reference,23.7415501,86.41405014,243.5999,0.124,18.049,-12.129,-128.57,0.031033,-0.016021,0.034924,-0.000551,-0.003307
2026-01-01 00:50:00,N_GNSS_04,GNSS Reference,23.74330005,86.41470012,249.0996,0.433,13.344,6.041,-153.755,0.030786,-0.015097,0.034289,-0.001935,-0.01161
2026-01-01 00:50:00,N_GNSS_05,GNSS Reference,23.74095008,86.41300038,241.7477,2.304,40.027,15.442,107.105,0.030789,-0.015823,0.034617,-0.000251,-0.001507
2026-01-01 00:50:00,N_GNSS_06,GNSS Reference,23.74385004,86.41205029,251.3498,0.206,29.991,6.606,24.604,0.030684,-0.017413,0.035281,0.000569,0.003415
2026-01-01 01:00:00,N_GNSS_01,GNSS Reference,23.7421001,86.41230019,245.1995,0.49,22.223,7.759,-48.363,0.031388,-0.015867,0.03517,-0.001007,-0.006043
2026-01-01 01:00:00,N_GNSS_02,GNSS Reference,23.74285013,86.41315022,247.8511,-1.093,26.813,-12.996,-8.92,0.032394,-0.016637,0.036416,0.001858,0.011147
2026-01-01 01:00:00,N_GNSS_03,GNSS Reference,23.74155,86.41405026,243.6003,-0.255,26.19,-2.274,48.845,0.031566,-0.016343,0.035546,0.000621,0.003727
2026-01-01 01:00:00,N_GNSS_04,GNSS Reference,23.74330002,86.41470027,249.0996,0.376,27.489,-0.343,84.871,0.031283,-0.016658,0.035442,0.001153,0.006918
2026-01-01 01:00:00,N_GNSS_05,GNSS Reference,23.74095001,86.41300036,241.7501,-0.111,36.898,-14.495,-18.772,0.032328,-0.016559,0.036322,0.001705,0.010231
2026-01-01 01:00:00,N_GNSS_06,GNSS Reference,23.74385007,86.41205021,251.3502,-0.174,22.88,-2.28,-42.665,0.029058,-0.016921,0.033625,-0.001656,-0.009934
2026-01-01 01:10:00,N_GNSS_01,GNSS Reference,23.74210008,86.41230028,245.1981,1.874,29.664,8.305,44.645,0.031673,-0.018116,0.036487,0.001317,0.007902
2026-01-01 01:10:00,N_GNSS_02,GNSS Reference,23.74285005,86.41315016,247.8473,2.699,17.365,22.751,-56.688,0.032245,-0.016237,0.036102,-0.000314,-0.001886
2026-01-01 01:10:00,N_GNSS_03,GNSS Reference,23.74155014,86.41405025,243.5992,0.792,29.775,6.284,21.513,0.030894,-0.017257,0.035386,-0.000159,-0.000955
2026-01-01 01:10:00,N_GNSS_04,GNSS Reference,23.74330006,86.41470016,249.0985,1.501,18.083,6.746,-56.434,0.029916,-0.017222,0.034519,-0.000923,-0.005537
2026-01-01 01:10:00,N_GNSS_05,GNSS Reference,23.74095026,86.41300027,241.7494,0.554,39.822,3.992,17.545,0.031794,-0.018137,0.036604,0.000281,0.001688
2026-01-01 01:10:00,N_GNSS_06,GNSS Reference,23.74385009,86.41205017,251.3472,2.786,19.818,17.76,-18.371,0.031892,-0.017166,0.036218,0.002593,0.015559
2026-01-01 01:20:00,N_GNSS_01,GNSS Reference,23.74210009,86.41230035,245.198,1.963,37.379,0.528,46.289,0.033233,-0.017651,0.03763,0.001142,0.006855
2026-01-01 01:20:00,N_GNSS_02,GNSS Reference,23.74285012,86.41315023,247.8491,0.867,27.382,-10.988,60.1,0.031381,-0.019955,0.037188,0.001086,0.006517
2026-01-01 01:20:00,N_GNSS_03,GNSS Reference,23.74155014,86.41405017,243.6023,-2.302,23.174,-18.565,-39.606,0.030838,-0.016524,0.034986,-0.000401,-0.002404
2026-01-01 01:20:00,N_GNSS_04,GNSS Reference,23.74330023,86.4147003,249.0997,0.282,39.474,-7.313,128.344,0.032355,-0.017961,0.037006,0.002487,0.014922
2026-01-01 01:20:00,N_GNSS_05,GNSS Reference,23.74095008,86.4130001,241.7512,-1.19,13.398,-10.466,-158.546,0.029875,-0.01695,0.034349,-0.002255,-0.01353
2026-01-01 01:20:00,N_GNSS_06,GNSS Reference,23.74385016,86.41205021,251.3465,3.461,28.063,4.047,49.468,0.030705,-0.015685,0.034479,-0.001739,-0.010435
2026-01-01 01:30:00,N_GNSS_01,GNSS Reference,23.74210006,86.41230019,245.2005,-0.518,20.301,-14.885,-102.468,0.032954,-0.017428,0.037279,-0.000351,-0.002106
2026-01-01 01:30:00,N_GNSS_02,GNSS Reference,23.74285008,86.41315028,247.8531,-3.103,29.437,-23.82,12.332,0.030569,-0.016285,0.034636,-0.002552,-0.01531
2026-01-01 01:30:00,N_GNSS_03,GNSS Reference,23.74155018,86.41405016,243.5999,0.135,25.844,14.62,16.017,0.031713,-0.019426,0.037189,0.002203,0.013221
2026-01-01 01:30:00,N_GNSS_04,GNSS Reference,23.74330006,86.4147003,249.0981,1.916,31.44,9.808,-48.205,0.031638,-0.018372,0.036585,-0.000421,-0.002525
2026-01-01 01:30:00,N_GNSS_05,GNSS Reference,23.74095002,86.41300024,241.7496,0.371,24.343,9.367,65.671,0.03239,-0.016245,0.036236,0.001887,0.011322
2026-01-01 01:30:00,N_GNSS_06,GNSS Reference,23.74385016,86.41205022,251.3512,-1.22,28.433,-28.084,2.221,0.030976,-0.016088,0.034905,0.000426,0.002553
2026-01-01 01:40:00,N_GNSS_01,GNSS Reference,23.74210013,86.41230016,245.1994,0.613,22.084,6.787,10.7,0.032672,-0.017683,0.03715,-0.000129,-0.000772
2026-01-01 01:40:00,N_GNSS_02,GNSS Reference,23.7428501,86.41315021,247.8495,0.547,24.14,21.899,-31.781,0.02922,-0.017683,0.034154,-0.000483,-0.002896
2026-01-01 01:40:00,N_GNSS_03,GNSS Reference,23.74155014,86.41405022,243.6009,-0.944,27.018,-6.471,7.047,0.031185,-0.018957,0.036495,-0.000694,-0.004166
2026-01-01 01:40:00,N_GNSS_04,GNSS Reference,23.74330021,86.41470006,249.1003,-0.333,23.756,-13.497,-46.103,0.032884,-0.018123,0.037548,0.000962,0.005774
2026-01-01 01:40:00,N_GNSS_05,GNSS Reference,23.74095018,86.4130002,241.7484,1.552,28.77,7.086,26.562,0.031332,-0.017867,0.036068,-0.000168,-0.001006
2026-01-01 01:40:00,N_GNSS_06,GNSS Reference,23.74385012,86.41205025,251.3512,-1.236,28.733,-0.096,1.802,0.032884,-0.018156,0.037563,0.002659,0.015951
2026-01-01 01:50:00,N_GNSS_01,GNSS Reference,23.74210009,86.4123002,245.1978,2.23,22.894,9.705,4.855,0.032961,-0.017413,0.037277,0.000127,0.000764
2026-01-01 01:50:00,N_GNSS_02,GNSS Reference,23.74285029,86.41315017,247.8514,-1.404,36.766,-11.708,75.759,0.032023,-0.018184,0.036826,0.002672,0.016031
2026-01-01 01:50:00,N_GNSS_03,GNSS Reference,23.7415502,86.41405029,243.5992,0.781,36.98,10.349,59.767,0.029937,-0.019166,0.035547,-0.000948,-0.005687
2026-01-01 01:50:00,N_GNSS_04,GNSS Reference,23.74330019,86.41470019,249.0981,1.882,28.03,13.289,25.645,0.032464,-0.017701,0.036976,-0.000571,-0.003428
2026-01-01 01:50:00,N_GNSS_05,GNSS Reference,23.74095022,86.41300025,241.7493,0.656,35.409,-5.378,39.83,0.031935,-0.017191,0.036268,0.0002,0.001199
2026-01-01 01:50:00,N_GNSS_06,GNSS Reference,23.74385013,86.41205017,251.349,1.0,22.726,13.412,-36.043,0.030743,-0.016724,0.034998,-0.002566,-0.015394
2026-01-01 02:00:00,N_GNSS_01,GNSS Reference,23.74210024,86.41230017,245.2016,-1.613,31.833,-23.061,53.634,0.029471,-0.016959,0.034002,-0.003276,-0.019654
2026-01-01 02:00:00,N_GNSS_02,GNSS Reference,23.7428502,86.41315015,247.8484,1.583,27.292,17.923,-56.85,0.0333,-0.016899,0.037342,0.000517,0.003099
2026-01-01 02:00:00,N_GNSS_03,GNSS Reference,23.74155028,86.41405016,243.6021,-2.112,35.591,-17.359,-8.334,0.031427,-0.018341,0.036387,0.00084,0.00504
2026-01-01 02:00:00,N_GNSS_04,GNSS Reference,23.74330009,86.41470024,249.0997,0.298,26.512,-9.501,-9.109,0.03226,-0.01917,0.037526,0.00055,0.003298
2026-01-01 02:00:00,N_GNSS_05,GNSS Reference,23.74095017,86.41300022,241.7483,1.709,29.224,6.321,-37.106,0.03201,-0.018045,0.036746,0.000478,0.002869
2026-01-01 02:00:00,N_GNSS_06,GNSS Reference,23.74385017,86.41205023,251.3504,-0.35,30.27,-8.099,45.262,0.032816,-0.017429,0.037157,0.002159,0.012956
2026-01-01 02:10:00,N_GNSS_01,GNSS Reference,23.74210016,86.4123002,245.197,2.961,26.852,27.446,-29.881,0.030983,-0.018913,0.036299,0.002298,0.013786
2026-01-01 02:10:00,N_GNSS_02,GNSS Reference,23.74285013,86.41315014,247.8531,-3.093,20.127,-28.053,-42.987,0.030605,-0.016799,0.034912,-0.00243,-0.014579
2026-01-01 02:10:00,N_GNSS_03,GNSS Reference,23.74155016,86.41405025,243.599,1.044,31.05,18.934,-27.241,0.031421,-0.017475,0.035953,-0.000434,-0.002602
2026-01-01 02:10:00,N_GNSS_04,GNSS Reference,23.74330016,86.41470025,249.0989,1.121,30.506,4.934,23.966,0.031615,-0.018368,0.036564,-0.000962,-0.005774
2026-01-01 02:10:00,N_GNSS_05,GNSS Reference,23.74095013,86.41300025,241.7477,2.252,29.807,3.256,3.498,0.030711,-0.020135,0.036723,-2.3e-05,-0.000139
2026-01-01 02:10:00,N_GNSS_06,GNSS Reference,23.74385013,86.41205015,251.3492,0.821,20.87,7.027,-56.403,0.031483,-0.019421,0.036992,-0.000165,-0.000991
2026-01-01 02:20:00,N_GNSS_01,GNSS Reference,23.74210017,86.41230017,245.2019,-1.939,25.029,-29.4,-10.941,0.033022,-0.017064,0.037171,0.000872,0.005229
2026-01-01 02:20:00,N_GNSS_02,GNSS Reference,23.7428502,86.41315003,247.851,-1.001,22.766,12.551,15.835,0.032579,-0.018332,0.037382,0.00247,0.01482
2026-01-01 02:20:00,N_GNSS_03,GNSS Reference,23.74155029,86.41405017,243.6018,-1.784,36.804,-16.966,34.52,0.032661,-0.017127,0.036879,0.000926,0.005554
2026-01-01 02:20:00,N_GNSS_04,GNSS Reference,23.74329999,86.41470019,249.1003,-0.284,19.282,-8.428,-67.347,0.031789,-0.018022,0.036543,-2.1e-05,-0.000125
2026-01-01 02:20:00,N_GNSS_05,GNSS Reference,23.74095018,86.41300017,241.7484,1.638,26.032,-3.679,-22.653,0.032905,-0.017524,0.037281,0.000558,0.003347
2026-01-01 02:20:00,N_GNSS_06,GNSS Reference,23.74385021,86.41205017,251.3506,-0.608,28.617,-8.575,46.486,0.029064,-0.01834,0.034367,-0.002625,-0.015748
2026-01-01 02:30:00,N_GNSS_01,GNSS Reference,23.74210015,86.4123001,245.1983,1.711,19.896,21.899,-30.797,0.029828,-0.018385,0.035039,-0.002132,-0.012794
2026-01-01 02:30:00,N_GNSS_02,GNSS Reference,23.74285023,86.41315021,247.8511,-1.072,33.23,-0.43,62.781,0.030608,-0.017868,0.035442,-0.001941,-0.011645
2026-01-01 02:30:00,N_GNSS_03,GNSS Reference,23.7415502,86.41405014,243.6009,-0.852,27.086,5.592,-58.305,0.032209,-0.01739,0.036604,-0.000275,-0.00165
2026-01-01 02:30:00,N_GNSS_04,GNSS Reference,23.74330019,86.41470017,249.1016,-1.564,27.411,-7.677,48.773,0.029249,-0.018143,0.03442,-0.002123,-0.012739
2026-01-01 02:30:00,N_GNSS_05,GNSS Reference,23.74095016,86.41300009,241.7494,0.574,19.685,-6.385,-38.081,0.029969,-0.01757,0.034739,-0.002541,-0.015246
2026-01-01 02:30:00,N_GNSS_06,GNSS Reference,23.74385019,86.41205024,251.3514,-1.351,31.983,-4.456,20.197,0.032096,-0.016876,0.036262,0.001895,0.01137
2026-01-01 02:40:00,N_GNSS_01,GNSS Reference,23.74210019,86.41230009,245.1987,1.305,22.573,-2.438,16.062,0.031807,-0.018451,0.036772,0.001733,0.010398
2026-01-01 02:40:00,N_GNSS_02,GNSS Reference,23.74285015,86.41315006,247.8503,-0.29,17.77,4.692,-92.758,0.029024,-0.017806,0.034051,-0.001391,-0.008344
2026-01-01 02:40:00,N_GNSS_03,GNSS Reference,23.74155027,86.41405006,243.5994,0.604,30.367,8.736,19.687,0.032485,-0.017583,0.036938,0.000335,0.002007
2026-01-01 02:40:00,N_GNSS_04,GNSS Reference,23.74330011,86.4147002,249.1012,-1.211,24.179,2.118,-19.393,0.031757,-0.018556,0.036781,0.002362,0.01417
2026-01-01 02:40:00,N_GNSS_05,GNSS Reference,23.74095027,86.41300017,241.746,3.994,34.542,20.521,89.142,0.031331,-0.017888,0.036078,0.001339,0.008032
2026-01-01 02:40:00,N_GNSS_06,GNSS Reference,23.74385021,86.41205015,251.3512,-1.177,27.945,1.044,-24.233,0.031234,-0.018059,0.036079,-0.000183,-0.001097
2026-01-01 02:50:00,N_GNSS_01,GNSS Reference,23.7421002,86.41230022,245.2004,-0.359,31.139,-9.984,51.394,0.0317,-0.018812,0.036861,9e-05,0.000539
2026-01-01 02:50:00,N_GNSS_02,GNSS Reference,23.74285012,86.41314997,247.8505,-0.541,13.887,-1.505,-23.301,0.031921,-0.018426,0.036857,0.002806,0.016838
2026-01-01 02:50:00,N_GNSS_03,GNSS Reference,23.74155019,86.41404995,243.6031,-3.118,21.607,-22.336,-52.564,0.030243,-0.018636,0.035524,-0.001415,-0.008489
2026-01-01 02:50:00,N_GNSS_04,GNSS Reference,23.74330029,86.41470012,249.0976,2.444,34.311,21.93,60.796,0.031413,-0.018937,0.03668,-0.000102,-0.000609
2026-01-01 02:50:00,N_GNSS_05,GNSS Reference,23.74095024,86.41300009,241.7511,-1.094,27.775,-30.531,-40.6,0.030446,-0.018681,0.035721,-0.000358,-0.002145
2026-01-01 02:50:00,N_GNSS_06,GNSS Reference,23.74385022,86.41205012,251.3511,-1.092,27.295,0.509,-3.9,0.031403,-0.018801,0.036601,0.000522,0.003133
2026-01-01 03:00:00,N_GNSS_01,GNSS Reference,23.7421001,86.41230011,245.2004,-0.358,15.671,0.009,-92.808,0.031573,-0.019116,0.036909,4.7e-05,0.000284
2026-01-01 03:00:00,N_GNSS_02,GNSS Reference,23.74285019,86.41315005,247.8514,-1.419,21.227,-5.268,44.044,0.029951,-0.018273,0.035085,-0.001773,-0.010636
2026-01-01 03:00:00,N_GNSS_03,GNSS Reference,23.74155019,86.41405001,243.597,3.005,21.368,36.743,-1.433,0.031412,-0.019019,0.036721,0.001197,0.007184
2026-01-01 03:00:00,N_GNSS_04,GNSS Reference,23.74330016,86.4147002,249.1003,-0.323,26.957,-16.603,-44.127,0.032322,-0.018542,0.037263,0.000583,0.003498
2026-01-01 03:00:00,N_GNSS_05,GNSS Reference,23.74095015,86.4130001,241.75,0.024,19.86,6.712,-47.494,0.031143,-0.01861,0.03628,0.000559,0.003354
2026-01-01 03:00:00,N_GNSS_06,GNSS Reference,23.74385017,86.41205007,251.3512,-1.186,19.968,-0.562,-43.958,0.031695,-0.018348,0.036623,2.1e-05,0.000127
2026-01-01 03:10:00,N_GNSS_01,GNSS Reference,23.74210017,86.41230015,245.2,0.035,24.605,2.355,53.606,0.030914,-0.01995,0.036792,-0.000117,-0.0007
2026-01-01 03:10:00,N_GNSS_02,GNSS Reference,23.74285025,86.41315016,247.851,-1.033,32.478,2.32,67.504,0.029561,-0.017682,0.034446,-0.000639,-0.003833
2026-01-01 03:10:00,N_GNSS_03,GNSS Reference,23.74155025,86.41405017,243.6003,-0.302,32.965,-19.842,69.582,0.030532,-0.019754,0.036365,-0.000356,-0.002137
2026-01-01 03:10:00,N_GNSS_04,GNSS Reference,23.74330015,86.41470012,249.1032,-3.167,20.53,-17.069,-38.561,0.030303,-0.020039,0.036329,-0.000933,-0.0056
2026-01-01 03:10:00,N_GNSS_05,GNSS Reference,23.74095019,86.41300021,241.7513,-1.308,30.629,-7.996,64.617,0.030164,-0.020174,0.036288,9e-06,5.2e-05
2026-01-01 03:10:00,N_GNSS_06,GNSS Reference,23.74385026,86.41204996,251.3476,2.402,29.747,21.525,58.675,0.030037,-0.018465,0.035258,-0.001364,-0.008187
2026-01-01 03:20:00,N_GNSS_01,GNSS Reference,23.74210024,86.41230015,245.1989,1.067,31.217,6.196,39.67,0.030476,-0.018897,0.035859,-0.000933,-0.005599
2026-01-01 03:20:00,N_GNSS_02,GNSS Reference,23.7428502,86.41315005,247.8491,0.928,22.879,11.761,-57.596,0.030132,-0.018581,0.035401,0.000955,0.005729
2026-01-01 03:20:00,N_GNSS_03,GNSS Reference,23.74155021,86.41405015,243.5993,0.723,28.082,6.148,-29.299,0.029195,-0.018969,0.034816,-0.001549,-0.009292
2026-01-01 03:20:00,N_GNSS_04,GNSS Reference,23.74330019,86.4147001,249.1017,-1.689,23.574,8.87,18.263,0.030614,-0.018256,0.035644,-0.000685,-0.004111
2026-01-01 03:20:00,N_GNSS_05,GNSS Reference,23.74095024,86.41300015,241.7499,0.142,30.958,8.704,1.972,0.029061,-0.01728,0.033811,-0.002478,-0.014865
2026-01-01 03:20:00,N_GNSS_06,GNSS Reference,23.7438502,86.41205015,251.35,0.009,27.251,-14.357,-14.976,0.031304,-0.018516,0.03637,0.001112,0.006673
2026-01-01 03:30:00,N_GNSS_01,GNSS Reference,23.74210017,86.41230003,245.199,1.011,19.246,-0.336,-71.824,0.030603,-0.019486,0.036279,0.000421,0.002523
2026-01-01 03:30:00,N_GNSS_02,GNSS Reference,23.74285021,86.41315018,247.8492,0.791,29.632,-0.818,40.519,0.030452,-0.019441,0.036129,0.000728,0.004371
2026-01-01 03:30:00,N_GNSS_03,GNSS Reference,23.74155016,86.41405014,243.5981,1.876,23.101,6.92,-29.884,0.029325,-0.019002,0.034943,0.000127,0.000763
2026-01-01 03:30:00,N_GNSS_04,GNSS Reference,23.74330027,86.41470009,249.098,1.997,31.462,22.115,47.33,0.030732,-0.018832,0.036044,0.000399,0.002396
2026-01-01 03:30:00,N_GNSS_05,GNSS Reference,23.74095021,86.41300003,241.7493,0.743,24.041,3.602,-41.499,0.028126,-0.01817,0.033485,-0.000326,-0.001956
2026-01-01 03:30:00,N_GNSS_06,GNSS Reference,23.74385025,86.4120502,251.3523,-2.27,34.318,-13.674,42.4,0.030297,-0.019607,0.036088,-0.000282,-0.001693
2026-01-01 03:40:00,N_GNSS_01,GNSS Reference,23.74210015,86.41230011,245.1991,0.921,19.709,-0.54,2.78,0.028697,-0.018511,0.03415,-0.00213,-0.012778
2026-01-01 03:40:00,N_GNSS_02,GNSS Reference,23.74285018,86.41315008,247.8484,1.597,21.642,4.833,-47.939,0.031249,-0.019057,0.036601,0.000472,0.002834
2026-01-01 03:40:00,N_GNSS_03,GNSS Reference,23.74155018,86.41405008,243.6025,-2.486,21.843,-26.172,-7.547,0.029704,-0.016978,0.034214,-0.000729,-0.004377
2026-01-01 03:40:00,N_GNSS_04,GNSS Reference,23.74330026,86.4147,249.0989,1.083,29.211,-5.484,-13.506,0.030654,-0.019261,0.036203,0.000159,0.000957
2026-01-01 03:40:00,N_GNSS_05,GNSS Reference,23.74095015,86.41299994,241.7464,3.646,17.966,17.421,-36.453,0.028525,-0.018349,0.033917,0.000432,0.002592
2026-01-01 03:40:00,N_GNSS_06,GNSS Reference,23.74385026,86.41205014,251.3503,-0.278,32.59,11.954,-10.371,0.030362,-0.019721,0.036204,0.000116,0.000694
2026-01-01 03:50:00,N_GNSS_01,GNSS Reference,23.74210026,86.41230018,245.2016,-1.583,34.083,-15.024,86.242,0.029847,-0.019069,0.035418,0.001268,0.00761
2026-01-01 03:50:00,N_GNSS_02,GNSS Reference,23.7428501,86.41315007,247.8472,2.763,13.736,6.997,-47.433,0.029344,-0.019252,0.035096,-0.001506,-0.009034
2026-01-01 03:50:00,N_GNSS_03,GNSS Reference,23.74155018,86.41405006,243.6004,-0.43,20.481,12.337,-8.174,0.027941,-0.020105,0.034422,0.000208,0.00125
2026-01-01 03:50:00,N_GNSS_04,GNSS Reference,23.74330017,86.41469992,249.1002,-0.246,20.564,-7.97,-51.881,0.029327,-0.01773,0.03427,-0.001933,-0.011598
2026-01-01 03:50:00,N_GNSS_05,GNSS Reference,23.74095019,86.41300006,241.7483,1.702,22.088,-11.666,24.731,0.029289,-0.018751,0.034777,0.00086,0.005161
2026-01-01 03:50:00,N_GNSS_06,GNSS Reference,23.74385014,86.41205001,251.3517,-1.668,15.916,-8.338,-100.042,0.029079,-0.019086,0.034783,-0.001421,-0.008527
2026-01-01 04:00:00,N_GNSS_01,GNSS Reference,23.74210018,86.41230004,245.2009,-0.88,20.688,4.215,-80.371,0.030629,-0.020446,0.036826,0.001408,0.008449
2026-01-01 04:00:00,N_GNSS_02,GNSS Reference,23.74285013,86.41314996,247.8497,0.323,15.284,-14.637,9.288,0.02833,-0.021076,0.03531,0.000214,0.001285
2026-01-01 04:00:00,N_GNSS_03,GNSS Reference,23.74155018,86.41405013,243.6009,-0.858,23.658,-2.572,19.066,0.02829,-0.019049,0.034105,-0.000317,-0.001902
2026-01-01 04:00:00,N_GNSS_04,GNSS Reference,23.74330019,86.4147,249.1011,-1.114,21.509,-5.209,5.667,0.029653,-0.019619,0.035556,0.001286,0.007714
2026-01-01 04:00:00,N_GNSS_05,GNSS Reference,23.74095028,86.413,241.7489,1.063,31.195,-3.835,54.644,0.028549,-0.018766,0.034164,-0.000613,-0.003676
2026-01-01 04:00:00,N_GNSS_06,GNSS Reference,23.74385024,86.41205006,251.3502,-0.171,27.37,8.98,68.722,0.027763,-0.019019,0.033653,-0.00113,-0.006781
2026-01-01 04:10:00,N_GNSS_01,GNSS Reference,23.74210008,86.41230003,245.1987,1.287,9.984,13.003,-64.222,0.02859,-0.019884,0.034825,-0.002002,-0.012009
2026-01-01 04:10:00,N_GNSS_02,GNSS Reference,23.74285024,86.41315,247.8485,1.48,26.607,6.939,67.935,0.028402,-0.020196,0.03485,-0.00046,-0.002759
2026-01-01 04:10:00,N_GNSS_03,GNSS Reference,23.74155015,86.41405007,243.5986,1.352,18.428,13.264,-31.383,0.029707,-0.018339,0.034912,0.000807,0.004839
2026-01-01 04:10:00,N_GNSS_04,GNSS Reference,23.74330016,86.41470019,249.0991,0.912,26.206,12.155,28.185,0.028387,-0.0189,0.034103,-0.001453,-0.008715
2026-01-01 04:10:00,N_GNSS_05,GNSS Reference,23.74095027,86.4130001,241.7498,0.248,32.094,-4.887,5.397,0.02915,-0.018303,0.03442,0.000256,0.001536
2026-01-01 04:10:00,N_GNSS_06,GNSS Reference,23.74385026,86.41205006,251.3508,-0.766,29.444,-3.568,12.446,0.02837,-0.019726,0.034554,0.000901,0.005406
2026-01-01 04:20:00,N_GNSS_01,GNSS Reference,23.74210014,86.41229998,245.1983,1.67,15.244,2.301,31.557,0.02906,-0.018002,0.034185,-0.00064,-0.003842
2026-01-01 04:20:00,N_GNSS_02,GNSS Reference,23.74285024,86.41315005,247.8492,0.826,27.788,-3.924,7.089,0.028364,-0.019607,0.034481,-0.000369,-0.002214
2026-01-01 04:20:00,N_GNSS_03,GNSS Reference,23.74155017,86.41405001,243.5988,1.232,18.598,-0.72,1.022,0.029032,-0.018916,0.034651,-0.000261,-0.001567
2026-01-01 04:20:00,N_GNSS_04,GNSS Reference,23.74330012,86.41470007,249.1016,-1.638,15.526,-15.3,-64.078,0.030165,-0.020102,0.03625,0.002147,0.012879
2026-01-01 04:20:00,N_GNSS_05,GNSS Reference,23.74095022,86.41300002,241.7472,2.813,24.113,15.386,-47.886,0.028705,-0.018857,0.034345,-7.6e-05,-0.000453
2026-01-01 04:20:00,N_GNSS_06,GNSS Reference,23.74385017,86.41205005,251.3487,1.271,19.886,12.22,-57.348,0.027751,-0.018659,0.033441,-0.001113,-0.006676
2026-01-01 04:30:00,N_GNSS_01,GNSS Reference,23.7421003,86.41229998,245.199,1.037,33.33,-3.802,108.518,0.029084,-0.019164,0.03483,0.000645,0.003871
2026-01-01 04:30:00,N_GNSS_02,GNSS Reference,23.74285018,86.41315005,247.8511,-1.112,20.782,-11.627,-42.041,0.029783,-0.019647,0.03568,0.001198,0.007191
2026-01-01 04:30:00,N_GNSS_03,GNSS Reference,23.74155019,86.41405003,243.5979,2.079,21.091,5.081,14.955,0.027483,-0.018734,0.03326,-0.00139,-0.008341
2026-01-01 04:30:00,N_GNSS_04,GNSS Reference,23.74330021,86.41469988,249.1033,-3.262,26.287,-9.743,64.564,0.028553,-0.018873,0.034227,-0.002023,-0.012136
2026-01-01 04:30:00,N_GNSS_05,GNSS Reference,23.74095025,86.41299998,241.7498,0.164,28.133,-15.893,24.114,0.02913,-0.020547,0.035647,0.001302,0.007815
2026-01-01 04:30:00,N_GNSS_06,GNSS Reference,23.74385029,86.41205,251.3481,1.936,32.519,3.989,75.799,0.027184,-0.018689,0.032989,-0.000452,-0.002713
2026-01-01 04:40:00,N_GNSS_01,GNSS Reference,23.74210014,86.4122999,245.2015,-1.469,18.912,-15.037,-86.508,0.026793,-0.019186,0.032954,-0.001876,-0.011254
2026-01-01 04:40:00,N_GNSS_02,GNSS Reference,23.74285024,86.41315006,247.8497,0.258,27.665,8.218,41.3,0.029691,-0.019951,0.035771,9.2e-05,0.000551
2026-01-01 04:40:00,N_GNSS_03,GNSS Reference,23.74155006,86.41405001,243.6016,-1.586,7.026,-21.992,-84.385,0.028264,-0.017696,0.033346,8.6e-05,0.000515
2026-01-01 04:40:00,N_GNSS_04,GNSS Reference,23.74330012,86.4147,249.0992,0.838,13.595,24.6,-76.151,0.028183,-0.019734,0.034406,0.000179,0.001071
2026-01-01 04:40:00,N_GNSS_05,GNSS Reference,23.74095029,86.41299995,241.749,1.048,32.137,5.306,24.03,0.028198,-0.018667,0.033817,-0.00183,-0.010982
2026-01-01 04:40:00,N_GNSS_06,GNSS Reference,23.74385017,86.41204995,251.35,0.018,19.633,-11.505,-77.316,0.029559,-0.019345,0.035327,0.002338,0.014026
2026-01-01 04:50:00,N_GNSS_01,GNSS Reference,23.74210018,86.41230002,245.2016,-1.618,20.126,-0.894,7.282,0.028242,-0.018213,0.033605,0.000651,0.003908
2026-01-01 04:50:00,N_GNSS_02,GNSS Reference,23.74285014,86.41315007,247.8502,-0.202,17.076,-2.759,-63.53,0.028478,-0.018334,0.033869,-0.001902,-0.011413
2026-01-01 04:50:00,N_GNSS_03,GNSS Reference,23.74155009,86.41405009,243.6013,-1.347,13.666,1.437,39.837,0.027516,-0.020477,0.034299,0.000953,0.005716
2026-01-01 04:50:00,N_GNSS_04,GNSS Reference,23.74330016,86.41469998,249.101,-1.046,17.43,-11.304,23.007,0.028533,-0.021517,0.035737,0.001331,0.007989
2026-01-01 04:50:00,N_GNSS_05,GNSS Reference,23.74095021,86.41299998,241.754,-4.007,23.27,-30.329,-53.207,0.028058,-0.021523,0.035362,0.001545,0.009271
2026-01-01 04:50:00,N_GNSS_06,GNSS Reference,23.74385023,86.41204999,251.3512,-1.223,25.547,-7.449,35.484,0.028879,-0.017974,0.034015,-0.001311,-0.007867
2026-01-01 05:00:00,N_GNSS_01,GNSS Reference,23.7421002,86.41230004,245.2023,-2.275,22.787,-3.94,15.969,0.027355,-0.02161,0.034861,0.001256,0.007534
2026-01-01 05:00:00,N_GNSS_02,GNSS Reference,23.74285007,86.41315003,247.8481,1.921,8.691,12.739,-50.31,0.028055,-0.017552,0.033093,-0.000776,-0.004658
2026-01-01 05:00:00,N_GNSS_03,GNSS Reference,23.74155017,86.41404991,243.5981,1.939,20.835,19.714,43.015,0.026955,-0.019324,0.033166,-0.001133,-0.006795
2026-01-01 05:00:00,N_GNSS_04,GNSS Reference,23.74330016,86.41469993,249.1022,-2.191,19.635,-6.87,13.233,0.026942,-0.019702,0.033377,-0.00236,-0.014159
2026-01-01 05:00:00,N_GNSS_05,GNSS Reference,23.7409502,86.4129999,241.7482,1.759,23.85,34.595,3.482,0.029294,-0.019529,0.035206,-0.000156,-0.000933
2026-01-01 05:00:00,N_GNSS_06,GNSS Reference,23.7438502,86.41204994,251.3508,-0.796,22.596,2.565,-17.709,0.027813,-0.018646,0.033485,-0.000531,-0.003186
2026-01-01 05:10:00,N_GNSS_01,GNSS Reference,23.74210014,86.41229991,245.1998,0.232,17.874,15.04,-29.482,0.027648,-0.020257,0.034275,-0.000586,-0.003515
2026-01-01 05:10:00,N_GNSS_02,GNSS Reference,23.74285019,86.4131499,247.8491,0.883,23.582,-6.226,89.344,0.027673,-0.018667,0.03338,0.000287,0.001724
2026-01-01 05:10:00,N_GNSS_03,GNSS Reference,23.74155018,86.41404999,243.6027,-2.673,19.749,-27.67,-6.52,0.028485,-0.019543,0.034544,0.001378,0.008266
2026-01-01 05:10:00,N_GNSS_04,GNSS Reference,23.74330018,86.41469997,249.0999,0.143,20.462,13.999,4.959,0.029789,-0.021626,0.036811,0.003434,0.020602
2026-01-01 05:10:00,N_GNSS_05,GNSS Reference,23.74095021,86.41299991,241.7491,0.907,25.05,-5.112,7.201,0.028644,-0.018527,0.034113,-0.001093,-0.006561
2026-01-01 05:10:00,N_GNSS_06,GNSS Reference,23.74385011,86.41204995,251.3531,-3.091,13.295,-13.772,-55.805,0.027274,-0.019709,0.033651,0.000166,0.000996
2026-01-01 05:20:00,N_GNSS_01,GNSS Reference,23.74210008,86.41229986,245.2046,-4.561,16.623,-28.753,-7.502,0.027724,-0.018873,0.033538,-0.000737,-0.004422
2026-01-01 05:20:00,N_GNSS_02,GNSS Reference,23.7428501,86.41314989,247.8511,-1.144,15.888,-12.162,-46.166,0.026854,-0.019675,0.033291,-9e-05,-0.000538
2026-01-01 05:20:00,N_GNSS_03,GNSS Reference,23.74155019,86.41405008,243.5992,0.822,22.352,20.969,15.621,0.026799,-0.018588,0.032614,-0.00193,-0.011581
2026-01-01 05:20:00,N_GNSS_04,GNSS Reference,23.74330015,86.41469983,249.1021,-2.135,23.943,-13.668,20.889,0.027954,-0.018359,0.033444,-0.003367,-0.020204
2026-01-01 05:20:00,N_GNSS_05,GNSS Reference,23.74095009,86.4130001,241.7527,-2.738,14.19,-21.874,-65.16,0.028106,-0.017846,0.033293,-0.00082,-0.004919
2026-01-01 05:20:00,N_GNSS_06,GNSS Reference,23.74385012,86.41204998,251.3492,0.836,12.939,23.563,-2.137,0.029875,-0.020483,0.036223,0.002572,0.015434
2026-01-01 05:30:00,N_GNSS_01,GNSS Reference,23.74210029,86.41230005,245.2015,-1.546,32.801,18.087,97.068,0.027273,-0.019049,0.033267,-0.000271,-0.001628
2026-01-01 05:30:00,N_GNSS_02,GNSS Reference,23.74285013,86.41314991,247.8495,0.455,17.251,9.592,8.179,0.027428,-0.019946,0.033913,0.000623,0.003738
2026-01-01 05:30:00,N_GNSS_03,GNSS Reference,23.74155011,86.41404976,243.6008,-0.8,27.103,-9.734,28.506,0.027954,-0.019113,0.033863,0.001249,0.007497
2026-01-01 05:30:00,N_GNSS_04,GNSS Reference,23.74330022,86.41469991,249.1015,-1.494,26.227,3.849,13.701,0.028601,-0.018605,0.03412,0.000677,0.00406
2026-01-01 05:30:00,N_GNSS_05,GNSS Reference,23.74095008,86.41299989,241.7493,0.697,14.702,20.613,3.072,0.027298,-0.020821,0.034332,0.001039,0.006236
2026-01-01 05:30:00,N_GNSS_06,GNSS Reference,23.74385008,86.4120499,251.3518,-1.843,13.621,-16.075,4.092,0.027767,-0.019302,0.033817,-0.002406,-0.014438
2026-01-01 05:40:00,N_GNSS_01,GNSS Reference,23.74210017,86.41229986,245.1981,1.877,23.999,20.537,-52.813,0.028915,-0.019341,0.034787,0.00152,0.009123
2026-01-01 05:40:00,N_GNSS_02,GNSS Reference,23.74285014,86.41314987,247.8488,1.205,20.75,4.502,20.993,0.027392,-0.019101,0.033394,-0.000519,-0.003116
2026-01-01 05:40:00,N_GNSS_03,GNSS Reference,23.74155017,86.41404983,243.6009,-0.875,25.925,-0.452,-7.068,0.029371,-0.018883,0.034917,0.001054,0.006323
2026-01-01 05:40:00,N_GNSS_04,GNSS Reference,23.74330019,86.41469985,249.1001,-0.069,26.023,8.547,-1.22,0.027926,-0.018682,0.033599,-0.000521,-0.003128
2026-01-01 05:40:00,N_GNSS_05,GNSS Reference,23.7409502,86.41299989,241.7503,-0.29,24.641,-5.924,59.634,0.029446,-0.020368,0.035804,0.001472,0.008829
2026-01-01 05:40:00,N_GNSS_06,GNSS Reference,23.74385014,86.41205002,251.3503,-0.274,15.604,9.413,11.903,0.029594,-0.019206,0.03528,0.001464,0.008781
2026-01-01 05:50:00,N_GNSS_01,GNSS Reference,23.74210019,86.41229988,245.2004,-0.421,24.195,-13.785,1.177,0.027693,-0.017924,0.032988,-0.0018,-0.010799
2026-01-01 05:50:00,N_GNSS_02,GNSS Reference,23.74285016,86.41314982,247.8464,3.557,25.584,14.11,29.003,0.028185,-0.018145,0.03352,0.000126,0.000758
2026-01-01 05:50:00,N_GNSS_03,GNSS Reference,23.74155007,86.41404992,243.601,-1.036,10.932,-0.963,-89.962,0.030398,-0.018688,0.035683,0.000766,0.004595
2026-01-01 05:50:00,N_GNSS_04,GNSS Reference,23.74330012,86.41469993,249.1007,-0.674,14.881,-3.626,-66.854,0.026837,-0.020862,0.033992,0.000393,0.00236
2026-01-01 05:50:00,N_GNSS_05,GNSS Reference,23.74095016,86.4129999,241.7499,0.053,20.114,2.061,-27.164,0.02983,-0.019109,0.035425,-0.000379,-0.002272
2026-01-01 05:50:00,N_GNSS_06,GNSS Reference,23.74385016,86.41204986,251.3499,0.118,22.842,2.356,43.426,0.027937,-0.019434,0.034032,-0.001249,-0.007492
2026-01-01 06:00:00,N_GNSS_01,GNSS Reference,23.7421002,86.41229992,245.1998,0.217,23.335,3.828,-5.159,0.027928,-0.017174,0.032786,-0.000202,-0.00121
2026-01-01 06:00:00,N_GNSS_02,GNSS Reference,23.74284996,86.41314985,247.8487,1.292,15.895,-13.589,-58.129,0.027864,-0.019901,0.034241,0.000721,0.004325
2026-01-01 06:00:00,N_GNSS_03,GNSS Reference,23.74155011,86.41404987,243.6006,-0.555,18.381,2.885,44.695,0.027008,-0.018435,0.0327,-0.002983,-0.017899
2026-01-01 06:00:00,N_GNSS_04,GNSS Reference,23.7433001,86.41469987,249.0992,0.791,16.995,8.788,12.682,0.03081,-0.019128,0.036265,0.002273,0.013636
2026-01-01 06:00:00,N_GNSS_05,GNSS Reference,23.74095009,86.41300001,241.7507,-0.652,9.703,-4.231,-62.467,0.029403,-0.018738,0.034866,-0.000559,-0.003356
2026-01-01 06:00:00,N_GNSS_06,GNSS Reference,23.7438502,86.4120499,251.349,1.038,24.308,5.515,8.797,0.030863,-0.017969,0.035713,0.001681,0.010087
2026-01-01 06:10:00,N_GNSS_01,GNSS Reference,23.74210008,86.41229984,245.2032,-3.178,18.144,-20.374,-31.147,0.028523,-0.019451,0.034524,0.001738,0.010428
2026-01-01 06:10:00,N_GNSS_02,GNSS Reference,23.74285009,86.41315005,247.8521,-2.107,10.814,-20.394,-30.49,0.030407,-0.019656,0.036207,0.001966,0.011793
2026-01-01 06:10:00,N_GNSS_03,GNSS Reference,23.74155008,86.4140498,243.6009,-0.888,22.75,-2.0,26.215,0.029597,-0.019057,0.035202,0.002502,0.015012
2026-01-01 06:10:00,N_GNSS_04,GNSS Reference,23.74330012,86.41469984,249.1013,-1.311,21.207,-12.612,25.276,0.029378,-0.020168,0.035634,-0.00063,-0.003783
2026-01-01 06:10:00,N_GNSS_05,GNSS Reference,23.74095009,86.41299984,241.7503,-0.303,18.731,2.095,54.171,0.026353,-0.017847,0.031828,-0.003038,-0.018228
2026-01-01 06:10:00,N_GNSS_06,GNSS Reference,23.74385015,86.41204993,251.3498,0.166,17.893,-5.229,-38.491,0.028296,-0.017672,0.033362,-0.002351,-0.014108
2026-01-01 06:20:00,N_GNSS_01,GNSS Reference,23.74210024,86.41229988,245.2014,-1.385,29.439,10.76,67.766,0.027828,-0.019769,0.034135,-0.000389,-0.002331
2026-01-01 06:20:00,N_GNSS_02,GNSS Reference,23.74285009,86.41314994,247.8488,1.22,11.897,19.958,6.499,0.030021,-0.018429,0.035226,-0.000981,-0.005884
2026-01-01 06:20:00,N_GNSS_03,GNSS Reference,23.74155007,86.41404997,243.5993,0.735,8.505,9.741,-85.47,0.028724,-0.018157,0.033981,-0.00122,-0.007322
2026-01-01 06:20:00,N_GNSS_04,GNSS Reference,23.74330007,86.41469973,249.0993,0.7,28.768,12.065,45.366,0.030196,-0.018921,0.035634,0.0,0.0
2026-01-01 06:20:00,N_GNSS_05,GNSS Reference,23.74095004,86.41299989,241.75,0.032,12.347,2.007,-38.306,0.029735,-0.019022,0.035299,0.003471,0.020824
2026-01-01 06:20:00,N_GNSS_06,GNSS Reference,23.74384998,86.41204988,251.352,-1.999,12.244,-12.991,-33.892,0.029876,-0.017504,0.034626,0.001265,0.007589
2026-01-01 06:30:00,N_GNSS_01,GNSS Reference,23.7421001,86.41229975,245.2013,-1.294,27.587,0.544,-11.112,0.031433,-0.019387,0.036931,0.002796,0.016775
2026-01-01 06:30:00,N_GNSS_02,GNSS Reference,23.74285019,86.41314987,247.847,3.033,25.101,10.883,79.223,0.030044,-0.018712,0.035395,0.000168,0.00101
2026-01-01 06:30:00,N_GNSS_03,GNSS Reference,23.74155009,86.4140499,243.5998,0.243,14.684,-2.953,37.076,0.029785,-0.019223,0.035449,0.001468,0.008805
2026-01-01 06:30:00,N_GNSS_04,GNSS Reference,23.74330012,86.41469984,249.1003,-0.298,21.476,-5.988,-43.753,0.029144,-0.018748,0.034654,-0.000981,-0.005885
2026-01-01 06:30:00,N_GNSS_05,GNSS Reference,23.74095014,86.41299984,241.7493,0.707,22.084,4.05,58.425,0.029188,-0.019763,0.03525,-4.9e-05,-0.000294
2026-01-01 06:30:00,N_GNSS_06,GNSS Reference,23.74385017,86.41204991,251.3493,0.725,20.684,16.342,50.638,0.031023,-0.018536,0.036138,0.001512,0.009072
2026-01-01 06:40:00,N_GNSS_01,GNSS Reference,23.74210013,86.41229984,245.2007,-0.723,21.75,3.427,-35.019,0.029634,-0.018816,0.035103,-0.001829,-0.010972
2026-01-01 06:40:00,N_GNSS_02,GNSS Reference,23.74285003,86.41314991,247.8487,1.304,9.329,-10.377,-94.632,0.030565,-0.019794,0.036415,0.00102,0.006122
2026-01-01 06:40:00,N_GNSS_03,GNSS Reference,23.74155001,86.41404993,243.5999,0.107,6.717,-0.817,-47.8,0.030423,-0.019283,0.036019,0.00057,0.003421
2026-01-01 06:40:00,N_GNSS_04,GNSS Reference,23.74330006,86.41469982,249.1003,-0.335,19.818,-0.219,-9.952,0.029256,-0.017844,0.034269,-0.000385,-0.00231
2026-01-01 06:40:00,N_GNSS_05,GNSS Reference,23.7409502,86.41299985,241.7509,-0.876,26.709,-9.495,27.748,0.029693,-0.019123,0.035318,6.8e-05,0.00041
2026-01-01 06:40:00,N_GNSS_06,GNSS Reference,23.74385007,86.41204991,251.3486,1.413,11.882,4.131,-52.81,0.028454,-0.018087,0.033716,-0.002422,-0.014532
2026-01-01 06:50:00,N_GNSS_01,GNSS Reference,23.74210009,86.41229982,245.2028,-2.832,21.028,-12.654,-4.33,0.030632,-0.018467,0.035768,0.000665,0.00399
2026-01-01 06:50:00,N_GNSS_02,GNSS Reference,23.74285002,86.41314991,247.8495,0.462,9.56,-5.051,1.388,0.029545,-0.01937,0.035328,-0.001086,-0.006519
2026-01-01 06:50:00,N_GNSS_03,GNSS Reference,23.74155001,86.4140499,243.5996,0.365,10.121,1.551,20.42,0.030984,-0.017444,0.035557,-0.000462,-0.002775
2026-01-01 06:50:00,N_GNSS_04,GNSS Reference,23.74330011,86.41469995,249.1011,-1.056,13.288,-4.331,-39.176,0.028889,-0.018171,0.034129,-0.00014,-0.00084
2026-01-01 06:50:00,N_GNSS_05,GNSS Reference,23.74095003,86.4129999,241.7542,-4.212,10.261,-20.018,-98.685,0.028401,-0.017753,0.033493,-0.001825,-0.010949
2026-01-01 06:50:00,N_GNSS_06,GNSS Reference,23.74385004,86.41204974,251.3475,2.53,26.513,6.701,87.787,0.030506,-0.017464,0.035151,0.001435,0.00861
2026-01-01 07:00:00,N_GNSS_01,GNSS Reference,23.74209993,86.41229968,245.2001,-0.097,33.038,16.412,72.058,0.028216,-0.018402,0.033686,-0.002082,-0.01249
2026-01-01 07:00:00,N_GNSS_02,GNSS Reference,23.74285011,86.4131499,247.8511,-1.119,16.257,-9.486,40.182,0.029546,-0.018556,0.03489,-0.000438,-0.00263
2026-01-01 07:00:00,N_GNSS_03,GNSS Reference,23.74155004,86.41404984,243.5999,0.074,16.458,-1.749,38.023,0.031013,-0.019027,0.036385,0.000828,0.00497
2026-01-01 07:00:00,N_GNSS_04,GNSS Reference,23.74330001,86.41469988,249.0987,1.331,11.978,14.326,-7.858,0.029224,-0.017567,0.034097,-3.2e-05,-0.00019
2026-01-01 07:00:00,N_GNSS_05,GNSS Reference,23.74095004,86.4129998,241.7492,0.77,21.074,29.894,64.875,0.029163,-0.018385,0.034475,0.000982,0.00589
2026-01-01 07:00:00,N_GNSS_06,GNSS Reference,23.74385004,86.41204976,251.348,1.991,25.287,-3.233,-7.358,0.031033,-0.017573,0.035663,0.000511,0.003068
2026-01-01 07:10:00,N_GNSS_01,GNSS Reference,23.74209992,86.41229987,245.2005,-0.5,15.687,-2.418,-104.109,0.031687,-0.017203,0.036055,0.002369,0.014216
2026-01-01 07:10:00,N_GNSS_02,GNSS Reference,23.74284998,86.41314978,247.8497,0.324,22.069,8.657,34.87,0.030323,-0.015844,0.034213,-0.000677,-0.004062
2026-01-01 07:10:00,N_GNSS_03,GNSS Reference,23.74155007,86.41404976,243.5996,0.405,25.737,1.987,55.672,0.031072,-0.016741,0.035295,-0.00109,-0.006542
2026-01-01 07:10:00,N_GNSS_04,GNSS Reference,23.74330002,86.41469979,249.1003,-0.293,21.747,-9.744,58.614,0.030803,-0.016742,0.035059,0.000962,0.005771
2026-01-01 07:10:00,N_GNSS_05,GNSS Reference,23.74095009,86.41299975,241.7526,-2.553,27.699,-19.94,39.748,0.029845,-0.018271,0.034994,0.000519,0.003116
2026-01-01 07:10:00,N_GNSS_06,GNSS Reference,23.74385007,86.41204984,251.351,-1.017,18.238,-18.049,-42.293,0.029525,-0.016571,0.033857,-0.001806,-0.010835
2026-01-01 07:20:00,N_GNSS_01,GNSS Reference,23.74209998,86.41229975,245.2037,-3.734,26.037,-19.408,62.102,0.032079,-0.017242,0.036419,0.000363,0.002179
2026-01-01 07:20:00,N_GNSS_02,GNSS Reference,23.74284997,86.41314975,247.8497,0.283,25.764,-0.249,22.173,0.031972,-0.016549,0.036002,0.001789,0.010732
2026-01-01 07:20:00,N_GNSS_03,GNSS Reference,23.74155001,86.41404983,243.5999,0.112,17.713,-1.757,-48.142,0.030814,-0.017602,0.035487,0.000192,0.001153
2026-01-01 07:20:00,N_GNSS_04,GNSS Reference,23.74329993,86.41469981,249.0988,1.224,20.712,9.103,-6.21,0.031283,-0.01688,0.035547,0.000488,0.002927
2026-01-01 07:20:00,N_GNSS_05,GNSS Reference,23.74094993,86.41299987,241.7491,0.88,15.788,20.598,-71.461,0.03109,-0.017046,0.035456,0.000462,0.002772
2026-01-01 07:20:00,N_GNSS_06,GNSS Reference,23.74385008,86.41204984,251.3521,-2.089,18.185,-6.431,-0.319,0.032619,-0.016905,0.036739,0.002882,0.017295
2026-01-01 07:30:00,N_GNSS_01,GNSS Reference,23.74209986,86.41229984,245.2006,-0.562,22.491,19.035,-21.275,0.029169,-0.01729,0.033908,-0.00251,-0.015062
2026-01-01 07:30:00,N_GNSS_02,GNSS Reference,23.7428499,86.41314981,247.8524,-2.406,22.16,-16.131,-21.628,0.031181,-0.018462,0.036237,0.000236,0.001414
2026-01-01 07:30:00,N_GNSS_03,GNSS Reference,23.74155001,86.4140498,243.6004,-0.356,20.693,-2.804,17.878,0.030653,-0.018708,0.035911,0.000424,0.002545
2026-01-01 07:30:00,N_GNSS_04,GNSS Reference,23.74329994,86.41469984,249.0995,0.452,18.031,-4.634,-16.09,0.030836,-0.018701,0.036064,0.000517,0.003102
2026-01-01 07:30:00,N_GNSS_05,GNSS Reference,23.74094991,86.41299976,241.7511,-1.15,25.808,-12.179,60.115,0.030659,-0.016152,0.034653,-0.000803,-0.004816
2026-01-01 07:30:00,N_GNSS_06,GNSS Reference,23.74385004,86.41204977,251.351,-0.973,23.569,6.695,32.3,0.031111,-0.017339,0.035616,-0.001123,-0.006741
2026-01-01 07:40:00,N_GNSS_01,GNSS Reference,23.74209995,86.41229971,245.2042,-4.232,30.083,-22.022,45.55,0.030731,-0.017452,0.035341,0.001433,0.008595
2026-01-01 07:40:00,N_GNSS_02,GNSS Reference,23.74284999,86.41314986,247.8505,-0.508,14.284,11.386,-47.256,0.02957,-0.019158,0.035234,-0.001004,-0.006022
2026-01-01 07:40:00,N_GNSS_03,GNSS Reference,23.74155002,86.41404989,243.6009,-0.88,11.751,-3.146,-53.651,0.032818,-0.018622,0.037733,0.001822,0.010934
2026-01-01 07:40:00,N_GNSS_04,GNSS Reference,23.74329992,86.4146998,249.1001,-0.074,22.35,-3.155,25.915,0.033596,-0.019233,0.038712,0.002649,0.015893
2026-01-01 07:40:00,N_GNSS_05,GNSS Reference,23.74095,86.41299982,241.7515,-1.451,18.462,-1.803,-44.076,0.029867,-0.01748,0.034606,-4.7e-05,-0.000284
2026-01-01 07:40:00,N_GNSS_06,GNSS Reference,23.74384996,86.41204976,251.3505,-0.484,24.738,2.937,7.015,0.033066,-0.016545,0.036974,0.001358,0.008148
2026-01-01 07:50:00,N_GNSS_01,GNSS Reference,23.7420999,86.41229996,245.1978,2.198,12.485,38.582,-105.589,0.030636,-0.017937,0.035501,0.00016,0.00096
2026-01-01 07:50:00,N_GNSS_02,GNSS Reference,23.74285006,86.41314978,247.849,0.957,23.27,8.793,53.921,0.029552,-0.016768,0.033977,-0.001256,-0.007537
2026-01-01 07:50:00,N_GNSS_03,GNSS Reference,23.74154996,86.41404995,243.6019,-1.918,6.452,-6.228,-31.792,0.031572,-0.017163,0.035936,-0.001797,-0.010785
2026-01-01 07:50:00,N_GNSS_04,GNSS Reference,23.74330003,86.41469975,249.1004,-0.352,26.026,-1.671,22.056,0.029004,-0.016404,0.033322,-0.005391,-0.032344
2026-01-01 07:50:00,N_GNSS_05,GNSS Reference,23.74094999,86.41299976,241.7503,-0.286,24.907,6.984,38.671,0.030454,-0.017178,0.034964,0.000358,0.002148
2026-01-01 07:50:00,N_GNSS_06,GNSS Reference,23.74385002,86.41204982,251.352,-1.996,17.991,-9.072,-40.482,0.030663,-0.017088,0.035103,-0.001871,-0.011226
2026-01-01 08:00:00,N_GNSS_01,GNSS Reference,23.74209991,86.4122998,245.2006,-0.567,22.724,-16.591,61.434,0.03209,-0.018137,0.036861,0.00136,0.008159
2026-01-01 08:00:00,N_GNSS_02,GNSS Reference,23.74285003,86.41314979,247.8475,2.538,21.288,9.484,-11.893,0.03207,-0.015793,0.035748,0.00177,0.010621
2026-01-01 08:00:00,N_GNSS_03,GNSS Reference,23.74154991,86.41404971,243.5985,1.537,31.396,20.728,149.664,0.0321,-0.018546,0.037072,0.001136,0.006817
2026-01-01 08:00:00,N_GNSS_04,GNSS Reference,23.74330001,86.41469965,249.1012,-1.242,35.798,-5.339,58.632,0.031738,-0.017252,0.036124,0.002802,0.016814
2026-01-01 08:00:00,N_GNSS_05,GNSS Reference,23.74094998,86.41299987,241.7495,0.474,12.969,4.563,-71.625,0.031574,-0.018087,0.036387,0.001423,0.008538
2026-01-01 08:00:00,N_GNSS_06,GNSS Reference,23.74384997,86.41204978,251.3501,-0.11,22.752,11.312,28.567,0.030826,-0.017458,0.035426,0.000323,0.001938
2026-01-01 08:10:00,N_GNSS_01,GNSS Reference,23.74209991,86.41229979,245.1999,0.09,23.956,3.941,7.393,0.031906,-0.018731,0.036998,0.000137,0.000824
2026-01-01 08:10:00,N_GNSS_02,GNSS Reference,23.74284988,86.41314973,247.8489,1.071,30.548,-8.802,55.56,0.032179,-0.016442,0.036136,0.000389,0.002334
2026-01-01 08:10:00,N_GNSS_03,GNSS Reference,23.74154989,86.41404985,243.5974,2.572,20.091,6.209,-67.829,0.032883,-0.018148,0.037558,0.000486,0.002917
2026-01-01 08:10:00,N_GNSS_04,GNSS Reference,23.74329997,86.41469968,249.1024,-2.436,32.469,-7.164,-19.971,0.031602,-0.016074,0.035455,-0.000669,-0.004013
2026-01-01 08:10:00,N_GNSS_05,GNSS Reference,23.74094997,86.41299975,241.7507,-0.742,25.524,-7.293,75.326,0.031483,-0.017873,0.036203,-0.000185,-0.001107
2026-01-01 08:10:00,N_GNSS_06,GNSS Reference,23.74384991,86.4120497,251.3491,0.9,32.516,6.06,58.584,0.032512,-0.016438,0.036431,0.001005,0.006029
2026-01-01 08:20:00,N_GNSS_01,GNSS Reference,23.74209997,86.41229975,245.1997,0.335,25.276,1.475,7.919,0.031347,-0.016367,0.035363,-0.001635,-0.009813
2026-01-01 08:20:00,N_GNSS_02,GNSS Reference,23.74284984,86.41314989,247.8527,-2.664,20.735,-22.411,-58.88,0.030835,-0.017824,0.035616,-0.000521,-0.003126
2026-01-01 08:20:00,N_GNSS_03,GNSS Reference,23.74154989,86.41404977,243.5995,0.488,26.06,-12.503,35.81,0.033137,-0.018442,0.037924,0.000365,0.002191
2026-01-01 08:20:00,N_GNSS_04,GNSS Reference,23.74330003,86.41469976,249.0984,1.625,25.22,24.363,-43.497,0.028731,-0.017656,0.033723,-0.001733,-0.010395
2026-01-01 08:20:00,N_GNSS_05,GNSS Reference,23.74094989,86.41299971,241.7476,2.429,31.583,19.022,36.358,0.032619,-0.017695,0.03711,0.000907,0.005444
2026-01-01 08:20:00,N_GNSS_06,GNSS Reference,23.74384995,86.4120497,251.3526,-2.635,31.336,-21.21,-7.082,0.030077,-0.017609,0.034853,-0.001578,-0.009468
2026-01-01 08:30:00,N_GNSS_01,GNSS Reference,23.74209993,86.41229986,245.1995,0.462,16.557,0.76,-52.31,0.03213,-0.017586,0.036628,0.001265,0.00759
2026-01-01 08:30:00,N_GNSS_02,GNSS Reference,23.74284989,86.41314974,247.8517,-1.659,29.091,6.029,50.137,0.031999,-0.016579,0.036039,0.000423,0.002541
2026-01-01 08:30:00,N_GNSS_03,GNSS Reference,23.74154993,86.4140498,243.5979,2.133,21.943,9.872,-24.7,0.032948,-0.017119,0.037129,-0.000794,-0.004765
2026-01-01 08:30:00,N_GNSS_04,GNSS Reference,23.74329997,86.41469972,249.0972,2.755,28.326,6.781,18.634,0.031471,-0.016888,0.035716,0.001993,0.011958
2026-01-01 08:30:00,N_GNSS_05,GNSS Reference,23.74094985,86.41299994,241.7479,2.144,17.922,-1.706,-81.971,0.032426,-0.018085,0.037128,1.8e-05,0.000109
2026-01-01 08:30:00,N_GNSS_06,GNSS Reference,23.74385008,86.41204973,251.3497,0.311,29.052,17.68,-13.704,0.031779,-0.016151,0.035648,0.000795,0.00477
2026-01-01 08:40:00,N_GNSS_01,GNSS Reference,23.7421,86.41229976,245.1998,0.196,24.724,-1.596,49.001,0.031928,-0.018308,0.036804,0.000177,0.001061
2026-01-01 08:40:00,N_GNSS_02,GNSS Reference,23.74284994,86.41314974,247.8508,-0.788,27.338,5.231,-10.518,0.030372,-0.016249,0.034446,-0.001593,-0.009558
2026-01-01 08:40:00,N_GNSS_03,GNSS Reference,23.74154991,86.41404976,243.5996,0.362,26.565,-10.624,27.731,0.033683,-0.01731,0.03787,0.000741,0.004445
2026-01-01 08:40:00,N_GNSS_04,GNSS Reference,23.74329994,86.41469983,249.1016,-1.619,18.268,-26.239,-60.344,0.031766,-0.017449,0.036243,0.000527,0.003162
2026-01-01 08:40:00,N_GNSS_05,GNSS Reference,23.7409499,86.41299972,241.7494,0.622,30.793,-9.134,77.231,0.032934,-0.017245,0.037176,4.8e-05,0.000287
2026-01-01 08:40:00,N_GNSS_06,GNSS Reference,23.74384976,86.41204978,251.353,-3.007,34.181,-19.909,30.778,0.031143,-0.016276,0.03514,-0.000508,-0.003049
2026-01-01 08:50:00,N_GNSS_01,GNSS Reference,23.74209993,86.41229976,245.1996,0.443,25.673,1.483,5.694,0.031546,-0.016562,0.035629,-0.001175,-0.00705
2026-01-01 08:50:00,N_GNSS_02,GNSS Reference,23.74284993,86.41314983,247.8502,-0.162,18.924,3.756,-50.484,0.029299,-0.015942,0.033356,-0.00109,-0.006542
2026-01-01 08:50:00,N_GNSS_03,GNSS Reference,23.74154976,86.41404974,243.6,0.022,37.211,-2.043,63.877,0.033604,-0.018117,0.038176,0.000306,0.001836
2026-01-01 08:50:00,N_GNSS_04,GNSS Reference,23.74329997,86.4146997,249.0976,2.375,30.264,23.962,71.977,0.031272,-0.018287,0.036227,-1.6e-05,-9.5e-05
2026-01-01 08:50:00,N_GNSS_05,GNSS Reference,23.74094996,86.41299979,241.7498,0.241,21.67,-2.287,-54.741,0.031883,-0.017481,0.03636,-0.000815,-0.004893
2026-01-01 08:50:00,N_GNSS_06,GNSS Reference,23.74384996,86.41204968,251.3499,0.132,32.485,18.837,-10.181,0.032756,-0.01649,0.036672,0.001533,0.009196
2026-01-01 09:00:00,N_GNSS_01,GNSS Reference,23.74209991,86.41229971,245.1995,0.513,30.72,0.416,30.28,0.031153,-0.016318,0.035168,-0.000462,-0.00277
2026-01-01 09:00:00,N_GNSS_02,GNSS Reference,23.74284997,86.41314966,247.8509,-0.913,34.447,-4.51,93.134,0.030111,-0.016197,0.034191,0.000835,0.00501
2026-01-01 09:00:00,N_GNSS_03,GNSS Reference,23.74154995,86.41404965,243.5995,0.538,36.62,3.099,-3.548,0.032941,-0.016729,0.036945,-0.001231,-0.007388
2026-01-01 09:00:00,N_GNSS_04,GNSS Reference,23.74330003,86.41469981,249.099,1.013,19.857,-8.171,-62.446,0.031971,-0.017048,0.036233,6e-06,3.5e-05
2026-01-01 09:00:00,N_GNSS_05,GNSS Reference,23.74094993,86.41299968,241.7513,-1.318,33.886,-9.352,73.297,0.031817,-0.014917,0.035141,-0.00122,-0.007319
2026-01-01 09:00:00,N_GNSS_06,GNSS Reference,23.7438499,86.4120498,251.3495,0.512,22.985,2.276,-56.995,0.030858,-0.015289,0.034438,-0.002235,-0.013409
2026-01-01 09:10:00,N_GNSS_01,GNSS Reference,23.74209988,86.41229971,245.1982,1.785,31.98,7.634,7.559,0.031512,-0.016569,0.035603,0.000435,0.002611
2026-01-01 09:10:00,N_GNSS_02,GNSS Reference,23.7428499,86.41314965,247.8502,-0.198,37.842,4.29,20.374,0.032288,-0.016305,0.036172,0.001981,0.011886
2026-01-01 09:10:00,N_GNSS_03,GNSS Reference,23.74154982,86.41404981,243.5975,2.513,27.833,11.844,-52.723,0.032046,-0.017807,0.036661,-0.000284,-0.001706
2026-01-01 09:10:00,N_GNSS_04,GNSS Reference,23.74329988,86.41469972,249.1012,-1.217,31.191,-13.38,68.003,0.031125,-0.016364,0.035165,-0.001067,-0.006405
2026-01-01 09:10:00,N_GNSS_05,GNSS Reference,23.74094983,86.41299978,241.75,-0.024,29.553,7.764,-26.001,0.0312,-0.016711,0.035394,0.000253,0.001518
2026-01-01 09:10:00,N_GNSS_06,GNSS Reference,23.74384982,86.4120497,251.3509,-0.928,36.208,-8.64,79.335,0.032506,-0.016546,0.036475,0.002037,0.012222
2026-01-01 09:20:00,N_GNSS_01,GNSS Reference,23.74209984,86.41229977,245.1993,0.694,29.472,-6.548,-15.047,0.033471,-0.018462,0.038225,0.002622,0.015733
2026-01-01 09:20:00,N_GNSS_02,GNSS Reference,23.7428499,86.4131497,247.8525,-2.517,33.065,-13.911,-28.667,0.03096,-0.016078,0.034886,-0.001286,-0.007716
2026-01-01 09:20:00,N_GNSS_03,GNSS Reference,23.74154989,86.4140497,243.5984,1.551,32.401,-5.767,27.41,0.032603,-0.01852,0.037496,0.000835,0.005012
2026-01-01 09:20:00,N_GNSS_04,GNSS Reference,23.74329986,86.41469976,249.0994,0.602,28.537,10.912,-15.919,0.032631,-0.018071,0.037301,0.002136,0.012816
2026-01-01 09:20:00,N_GNSS_05,GNSS Reference,23.74094987,86.41299962,241.7503,-0.254,40.952,-1.379,68.399,0.031235,-0.0179,0.036001,0.000607,0.003643
2026-01-01 09:20:00,N_GNSS_06,GNSS Reference,23.74384984,86.4120498,251.3514,-1.445,27.408,-3.099,-52.8,0.032764,-0.017812,0.037293,0.000818,0.004908
2026-01-01 09:30:00,N_GNSS_01,GNSS Reference,23.7420999,86.4122998,245.2003,-0.311,23.319,-6.028,-36.917,0.031882,-0.014817,0.035157,-0.003068,-0.018409
2026-01-01 09:30:00,N_GNSS_02,GNSS Reference,23.74284993,86.41314969,247.8492,0.751,32.252,19.61,-4.875,0.032357,-0.01786,0.036959,0.002073,0.012439
2026-01-01 09:30:00,N_GNSS_03,GNSS Reference,23.74154985,86.41404973,243.5984,1.557,32.149,0.034,-1.512,0.033485,-0.018468,0.038241,0.000745,0.004468
2026-01-01 09:30:00,N_GNSS_04,GNSS Reference,23.74329977,86.41469985,249.0987,1.323,29.425,4.324,5.325,0.031304,-0.015044,0.034731,-0.00257,-0.015418
2026-01-01 09:30:00,N_GNSS_05,GNSS Reference,23.74094984,86.41299971,241.7492,0.811,34.488,6.39,-38.787,0.032042,-0.017802,0.036655,0.000655,0.003928
2026-01-01 09:30:00,N_GNSS_06,GNSS Reference,23.74384975,86.41204977,251.351,-0.97,36.814,2.85,56.437,0.032513,-0.016138,0.036298,-0.000994,-0.005967
2026-01-01 09:40:00,N_GNSS_01,GNSS Reference,23.74209991,86.41229976,245.2006,-0.579,25.996,-1.609,16.062,0.031333,-0.015295,0.034867,-0.00029,-0.001739
2026-01-01 09:40:00,N_GNSS_02,GNSS Reference,23.74284987,86.41314987,247.8497,0.27,19.969,-2.887,-73.701,0.02968,-0.016842,0.034126,-0.002833,-0.016999
2026-01-01 09:40:00,N_GNSS_03,GNSS Reference,23.74154994,86.41404978,243.599,0.954,23.144,-3.619,-54.027,0.032121,-0.018744,0.03719,-0.001051,-0.006304
2026-01-01 09:40:00,N_GNSS_04,GNSS Reference,23.74329988,86.41469974,249.1004,-0.403,29.497,-10.353,0.434,0.030845,-0.016231,0.034855,0.000124,0.000743
2026-01-01 09:40:00,N_GNSS_05,GNSS Reference,23.74094983,86.41299977,241.7517,-1.652,30.029,-14.78,-26.751,0.0299,-0.016144,0.03398,-0.002675,-0.01605
2026-01-01 09:40:00,N_GNSS_06,GNSS Reference,23.74384983,86.41204969,251.3514,-1.39,36.511,-2.52,-1.821,0.030365,-0.016173,0.034403,-0.001895,-0.011371
2026-01-01 09:50:00,N_GNSS_01,GNSS Reference,23.74209981,86.41229974,245.1977,2.261,34.097,17.04,48.603,0.03188,-0.018502,0.03686,0.001993,0.011959
2026-01-01 09:50:00,N_GNSS_02,GNSS Reference,23.74284985,86.41314967,247.8507,-0.74,37.637,-6.059,106.008,0.030327,-0.017474,0.035001,0.000875,0.00525
2026-01-01 09:50:00,N_GNSS_03,GNSS Reference,23.74154987,86.41404971,243.5986,1.385,32.406,2.584,55.572,0.030804,-0.018163,0.03576,-0.001429,-0.008577
2026-01-01 09:50:00,N_GNSS_04,GNSS Reference,23.74329986,86.41469976,249.1004,-0.408,29.022,-0.033,-2.853,0.029616,-0.016258,0.033785,-0.00107,-0.00642
2026-01-01 09:50:00,N_GNSS_05,GNSS Reference,23.7409498,86.41299976,241.7488,1.182,32.672,17.006,15.856,0.031172,-0.018077,0.036034,0.002054,0.012323
2026-01-01 09:50:00,N_GNSS_06,GNSS Reference,23.74384979,86.41204978,251.3503,-0.344,32.156,6.273,-26.127,0.031338,-0.018107,0.036193,0.00179,0.010737
2026-01-01 10:00:00,N_GNSS_01,GNSS Reference,23.74209981,86.41229983,245.1965,3.497,27.306,7.418,-40.743,0.030626,-0.016771,0.034917,-0.001943,-0.01166
2026-01-01 10:00:00,N_GNSS_02,GNSS Reference,23.74284979,86.4131498,247.8487,1.26,31.245,11.997,-38.352,0.030848,-0.017949,0.03569,0.000689,0.004135
2026-01-01 10:00:00,N_GNSS_03,GNSS Reference,23.74154981,86.41404978,243.5982,1.839,30.568,2.724,-11.031,0.032134,-0.016583,0.03616,0.0004,0.002399
2026-01-01 10:00:00,N_GNSS_04,GNSS Reference,23.74329976,86.41469985,249.1009,-0.92,30.809,-3.067,10.724,0.030255,-0.017311,0.034857,0.001072,0.006431
2026-01-01 10:00:00,N_GNSS_05,GNSS Reference,23.74094978,86.41299976,241.7509,-0.88,34.492,-12.373,10.921,0.032148,-0.017503,0.036603,0.000569,0.003416
2026-01-01 10:00:00,N_GNSS_06,GNSS Reference,23.74384984,86.41204977,251.3491,0.89,29.82,7.407,-14.017,0.031507,-0.015991,0.035332,-0.00086,-0.005162
2026-01-01 10:10:00,N_GNSS_01,GNSS Reference,23.74209982,86.41229983,245.1985,1.5,26.537,-11.98,-4.612,0.032784,-0.01618,0.036559,0.001643,0.009856
2026-01-01 10:10:00,N_GNSS_02,GNSS Reference,23.74284976,86.41314972,247.8519,-1.905,39.282,-18.99,48.222,0.031187,-0.01722,0.035625,-6.5e-05,-0.000391
2026-01-01 10:10:00,N_GNSS_03,GNSS Reference,23.74154984,86.4140498,243.5997,0.262,27.433,-9.457,-18.806,0.032738,-0.01668,0.036743,0.000582,0.003494
2026-01-01 10:10:00,N_GNSS_04,GNSS Reference,23.74329996,86.41469981,249.0996,0.428,20.14,8.084,-64.013,0.031862,-0.017205,0.03621,0.001353,0.00812
2026-01-01 10:10:00,N_GNSS_05,GNSS Reference,23.74094977,86.41299985,241.7446,5.39,29.563,37.62,-29.574,0.03278,-0.017303,0.037066,0.000462,0.002775
2026-01-01 10:10:00,N_GNSS_06,GNSS Reference,23.74384989,86.41204969,251.3497,0.302,34.041,-3.528,25.33,0.031811,-0.016676,0.035917,0.000585,0.00351
2026-01-01 10:20:00,N_GNSS_01,GNSS Reference,23.74209979,86.4122997,245.2009,-0.894,38.43,-14.369,71.358,0.032269,-0.01718,0.036557,-2e-06,-1.3e-05
2026-01-01 10:20:00,N_GNSS_02,GNSS Reference,23.74284978,86.41314975,247.853,-3.036,35.457,-6.784,-22.948,0.03046,-0.017625,0.035192,-0.000433,-0.002598
2026-01-01 10:20:00,N_GNSS_03,GNSS Reference,23.74154981,86.41404974,243.5963,3.721,33.967,20.753,39.204,0.031892,-0.018482,0.03686,0.000118,0.000707
2026-01-01 10:20:00,N_GNSS_04,GNSS Reference,23.74329978,86.41469991,249.1019,-1.889,26.439,-13.901,37.792,0.031622,-0.015704,0.035307,-0.000904,-0.005422
2026-01-01 10:20:00,N_GNSS_05,GNSS Reference,23.74094981,86.41299984,241.7491,0.931,26.215,-26.757,-20.089,0.030668,-0.016823,0.034979,-0.002087,-0.012521
2026-01-01 10:20:00,N_GNSS_06,GNSS Reference,23.74384984,86.41204976,251.3493,0.718,29.673,2.495,-26.213,0.030443,-0.015909,0.034349,-0.001568,-0.009409
2026-01-01 10:30:00,N_GNSS_01,GNSS Reference,23.74209983,86.41229971,245.2014,-1.36,34.435,-2.796,-23.97,0.03132,-0.016896,0.035587,-0.00097,-0.00582
2026-01-01 10:30:00,N_GNSS_02,GNSS Reference,23.74284982,86.41314985,247.8465,3.544,25.441,39.477,-60.096,0.031346,-0.019003,0.036656,0.001465,0.008787
2026-01-01 10:30:00,N_GNSS_03,GNSS Reference,23.7415497,86.41404974,243.5996,0.443,42.494,-19.671,51.161,0.031493,-0.01795,0.036249,-0.000611,-0.003667
2026-01-01 10:30:00,N_GNSS_04,GNSS Reference,23.74329978,86.41469985,249.1003,-0.288,28.648,9.609,13.254,0.029646,-0.016878,0.034114,-0.001193,-0.007159
2026-01-01 10:30:00,N_GNSS_05,GNSS Reference,23.74094982,86.41299981,241.7486,1.435,27.311,3.028,6.575,0.028926,-0.017652,0.033886,-0.001093,-0.006556
2026-01-01 10:30:00,N_GNSS_06,GNSS Reference,23.74384985,86.41204978,251.3517,-1.712,27.473,-14.578,-13.199,0.030287,-0.017531,0.034995,0.000645,0.003872
2026-01-01 10:40:00,N_GNSS_01,GNSS Reference,23.74209989,86.41229984,245.2004,-0.447,21.023,5.481,-80.473,0.030923,-0.017576,0.035568,-1.9e-05,-0.000112
2026-01-01 10:40:00,N_GNSS_02,GNSS Reference,23.74284982,86.41314983,247.8515,-1.508,26.382,-30.312,5.647,0.029641,-0.018039,0.034698,-0.001958,-0.011748
2026-01-01 10:40:00,N_GNSS_03,GNSS Reference,23.74154971,86.41404987,243.5989,1.093,34.765,3.904,-46.376,0.030526,-0.018611,0.035752,-0.000497,-0.002983
2026-01-01 10:40:00,N_GNSS_04,GNSS Reference,23.74329991,86.41469979,249.1005,-0.539,23.961,-1.511,-28.121,0.028488,-0.017771,0.033577,-0.000537,-0.003222
2026-01-01 10:40:00,N_GNSS_05,GNSS Reference,23.74094983,86.41299981,241.7492,0.822,27.228,-3.678,-0.499,0.029019,-0.016311,0.033289,-0.000597,-0.003583
2026-01-01 10:40:00,N_GNSS_06,GNSS Reference,23.74384981,86.41204982,251.3485,1.522,27.908,19.403,2.613,0.030415,-0.017007,0.034847,-0.000148,-0.000886
2026-01-01 10:50:00,N_GNSS_01,GNSS Reference,23.74209975,86.41229982,245.1971,2.929,32.835,20.256,70.868,0.029634,-0.018525,0.034948,-0.000621,-0.003724
2026-01-01 10:50:00,N_GNSS_02,GNSS Reference,23.74284972,86.41314981,247.8483,1.692,36.886,19.2,63.023,0.02845,-0.017531,0.033417,-0.001281,-0.007687
2026-01-01 10:50:00,N_GNSS_03,GNSS Reference,23.74154986,86.41404979,243.6007,-0.662,26.32,-10.531,-50.67,0.03193,-0.017107,0.036224,0.000472,0.002832
2026-01-01 10:50:00,N_GNSS_04,GNSS Reference,23.74329981,86.41469979,249.0989,1.148,29.873,10.122,35.471,0.029902,-0.01952,0.035709,0.002133,0.012796
2026-01-01 10:50:00,N_GNSS_05,GNSS Reference,23.74094988,86.41299977,241.7458,4.188,26.96,20.194,-1.609,0.030392,-0.016723,0.03469,0.0014,0.008403
2026-01-01 10:50:00,N_GNSS_06,GNSS Reference,23.74384975,86.41204973,251.3478,2.151,38.72,3.775,64.87,0.030977,-0.018141,0.035898,0.001051,0.006308
2026-01-01 11:00:00,N_GNSS_01,GNSS Reference,23.74209969,86.41229985,245.1972,2.797,37.188,-0.791,26.123,0.029329,-0.018701,0.034784,-0.000164,-0.000981
2026-01-01 11:00:00,N_GNSS_02,GNSS Reference,23.74284965,86.41314976,247.8501,-0.136,45.839,-10.967,53.719,0.029971,-0.018476,0.035209,0.001791,0.010748
2026-01-01 11:00:00,N_GNSS_03,GNSS Reference,23.74154978,86.41404973,243.5997,0.329,36.604,5.941,61.707,0.031509,-0.020381,0.037526,0.001302,0.00781
2026-01-01 11:00:00,N_GNSS_04,GNSS Reference,23.74329978,86.41469976,249.102,-1.96,34.717,-18.648,29.065,0.027802,-0.017475,0.032837,-0.002872,-0.017231
2026-01-01 11:00:00,N_GNSS_05,GNSS Reference,23.74094977,86.41299983,241.7468,3.17,31.112,-6.106,24.912,0.029057,-0.01718,0.033756,-0.000934,-0.005604
2026-01-01 11:00:00,N_GNSS_06,GNSS Reference,23.74384964,86.41204968,251.352,-2.046,51.592,-25.182,77.235,0.028066,-0.017883,0.033279,-0.002619,-0.015713
2026-01-01 11:10:00,N_GNSS_01,GNSS Reference,23.74209978,86.41229978,245.1988,1.208,33.676,-9.535,-21.077,0.029938,-0.01793,0.034897,0.000113,0.000676
2026-01-01 11:10:00,N_GNSS_02,GNSS Reference,23.74284966,86.41314975,247.8473,2.734,45.657,17.224,-1.092,0.028841,-0.018076,0.034037,-0.001171,-0.007026
2026-01-01 11:10:00,N_GNSS_03,GNSS Reference,23.74154981,86.4140497,243.5976,2.382,37.074,12.32,2.821,0.030986,-0.018401,0.036037,-0.001488,-0.00893
2026-01-01 11:10:00,N_GNSS_04,GNSS Reference,23.74329974,86.41469981,249.0996,0.421,34.421,14.289,-1.776,0.027725,-0.018091,0.033106,0.000268,0.001609
2026-01-01 11:10:00,N_GNSS_05,GNSS Reference,23.7409499,86.41299976,241.7524,-2.424,26.876,-33.563,-25.412,0.029902,-0.018178,0.034994,0.001238,0.007428
2026-01-01 11:10:00,N_GNSS_06,GNSS Reference,23.74384994,86.41204984,251.3471,2.872,17.247,29.505,-206.074,0.029015,-0.017866,0.034074,0.000795,0.004767
2026-01-01 11:20:00,N_GNSS_01,GNSS Reference,23.74209981,86.4122998,245.1963,3.743,29.222,15.206,-26.724,0.029123,-0.020453,0.035588,0.000691,0.004146
2026-01-01 11:20:00,N_GNSS_02,GNSS Reference,23.74284988,86.41314977,247.8507,-0.658,27.211,-20.356,-110.68,0.028941,-0.018149,0.034161,0.000123,0.00074
2026-01-01 11:20:00,N_GNSS_03,GNSS Reference,23.7415498,86.41404982,243.5943,5.717,29.253,20.007,-46.926,0.032171,-0.017704,0.036721,0.000683,0.0041
2026-01-01 11:20:00,N_GNSS_04,GNSS Reference,23.74329986,86.41469978,249.1019,-1.931,27.65,-14.115,-40.624,0.029576,-0.017311,0.03427,0.001164,0.006986
2026-01-01 11:20:00,N_GNSS_05,GNSS Reference,23.7409498,86.41299981,241.7504,-0.445,29.839,11.872,17.775,0.029396,-0.018608,0.03479,-0.000203,-0.001221
2026-01-01 11:20:00,N_GNSS_06,GNSS Reference,23.7438498,86.41204979,251.351,-0.952,31.167,-22.945,83.522,0.028118,-0.019216,0.034057,-1.7e-05,-0.000105
2026-01-01 11:30:00,N_GNSS_01,GNSS Reference,23.74209983,86.41229983,245.2012,-1.21,25.496,-29.714,-22.354,0.030839,-0.019081,0.036265,0.000678,0.004065
2026-01-01 11:30:00,N_GNSS_02,GNSS Reference,23.74284979,86.4131498,247.8487,1.299,30.6,11.744,20.334,0.029049,-0.018459,0.034417,0.000257,0.00154
2026-01-01 11:30:00,N_GNSS_03,GNSS Reference,23.74154981,86.41404982,243.5992,0.795,27.859,-29.53,-8.366,0.029919,-0.020956,0.036528,-0.000193,-0.001156
2026-01-01 11:30:00,N_GNSS_04,GNSS Reference,23.7432999,86.41469984,249.0983,1.688,19.517,21.715,-48.801,0.028451,-0.018112,0.033727,-0.000543,-0.003257
2026-01-01 11:30:00,N_GNSS_05,GNSS Reference,23.74094989,86.41299981,241.7485,1.5,23.016,11.67,-40.934,0.029734,-0.016263,0.033891,-0.0009,-0.005397
2026-01-01 11:30:00,N_GNSS_06,GNSS Reference,23.74384984,86.4120499,251.3491,0.879,20.927,10.987,-61.442,0.028007,-0.019378,0.034057,0.0,2e-06
2026-01-01 11:40:00,N_GNSS_01,GNSS Reference,23.74209989,86.41229976,245.1995,0.478,27.448,10.128,11.708,0.030569,-0.019414,0.036213,-5.3e-05,-0.000315
2026-01-01 11:40:00,N_GNSS_02,GNSS Reference,23.74284988,86.41314982,247.8482,1.778,22.49,2.876,-48.656,0.029057,-0.01872,0.034565,0.000148,0.000887
2026-01-01 11:40:00,N_GNSS_03,GNSS Reference,23.74154989,86.41404984,243.5966,3.418,19.744,15.74,-48.69,0.030949,-0.019198,0.03642,-0.000108,-0.000648
2026-01-01 11:40:00,N_GNSS_04,GNSS Reference,23.7432998,86.4146999,249.0969,3.115,24.018,8.564,27.007,0.028449,-0.018311,0.033832,0.000105,0.000632
2026-01-01 11:40:00,N_GNSS_05,GNSS Reference,23.74094988,86.41299986,241.7492,0.842,19.696,-3.95,-19.925,0.028341,-0.01913,0.034193,0.000303,0.001816
2026-01-01 11:40:00,N_GNSS_06,GNSS Reference,23.74384981,86.41204993,251.3503,-0.256,22.35,-6.808,8.541,0.027185,-0.018499,0.032882,-0.001175,-0.007049
2026-01-01 11:50:00,N_GNSS_01,GNSS Reference,23.74209981,86.41229975,245.1948,5.157,33.006,28.075,33.349,0.030276,-0.019355,0.035934,-0.000279,-0.001674
2026-01-01 11:50:00,N_GNSS_02,GNSS Reference,23.74284984,86.41314985,247.8491,0.912,23.543,-5.198,6.317,0.028425,-0.018211,0.033758,-0.000807,-0.004841
2026-01-01 11:50:00,N_GNSS_03,GNSS Reference,23.74154987,86.41404975,243.5999,0.139,29.237,-19.675,56.959,0.028926,-0.020327,0.035354,-0.001066,-0.006398
2026-01-01 11:50:00,N_GNSS_04,GNSS Reference,23.74329976,86.41469984,249.1003,-0.343,31.427,-20.75,44.453,0.03039,-0.017319,0.034978,0.001146,0.006875
2026-01-01 11:50:00,N_GNSS_05,GNSS Reference,23.74094988,86.41299985,241.7504,-0.431,20.531,-7.64,5.014,0.028496,-0.01935,0.034445,0.000252,0.001511
2026-01-01 11:50:00,N_GNSS_06,GNSS Reference,23.74384983,86.4120498,251.3493,0.716,27.581,5.832,31.385,0.029015,-0.017364,0.033814,0.000932,0.005594
2026-01-01 12:00:00,N_GNSS_01,GNSS Reference,23.74209986,86.41229982,245.1961,3.862,23.609,-7.769,-56.381,0.029439,-0.018409,0.034721,-0.001213,-0.007278
2026-01-01 12:00:00,N_GNSS_02,GNSS Reference,23.74284976,86.41314981,247.8509,-0.934,32.68,-11.076,54.819,0.027912,-0.019441,0.034015,0.000257,0.001541
2026-01-01 12:00:00,N_GNSS_03,GNSS Reference,23.74154974,86.41404987,243.597,3.03,32.27,17.343,18.198,0.028868,-0.020982,0.035687,0.000334,0.002001
2026-01-01 12:00:00,N_GNSS_04,GNSS Reference,23.7432998,86.41469982,249.0992,0.773,28.859,6.697,-15.406,0.02847,-0.017553,0.033446,-0.001532,-0.009193
2026-01-01 12:00:00,N_GNSS_05,GNSS Reference,23.74094971,86.41299982,241.749,0.976,36.828,8.443,97.78,0.028708,-0.019089,0.034475,3e-05,0.000181
2026-01-01 12:00:00,N_GNSS_06,GNSS Reference,23.74384975,86.41204979,251.349,1.039,34.684,1.937,42.616,0.029554,-0.019671,0.035502,0.001687,0.010124
2026-01-01 12:10:00,N_GNSS_01,GNSS Reference,23.74209984,86.4122998,245.1967,3.324,27.091,-3.229,20.897,0.028513,-0.019275,0.034417,-0.000304,-0.001825
2026-01-01 12:10:00,N_GNSS_02,GNSS Reference,23.74284977,86.41314988,247.848,2.043,28.397,17.864,-25.697,0.029601,-0.019774,0.035598,0.001583,0.009497
2026-01-01 12:10:00,N_GNSS_03,GNSS Reference,23.74154979,86.41404982,243.5982,1.835,30.047,-7.165,-13.337,0.030813,-0.022676,0.038257,0.00257,0.01542
2026-01-01 12:10:00,N_GNSS_04,GNSS Reference,23.74329981,86.4146999,249.0987,1.296,23.225,3.137,-33.803,0.027638,-0.018733,0.033389,-5.7e-05,-0.000343
2026-01-01 12:10:00,N_GNSS_05,GNSS Reference,23.74094985,86.41299984,241.7486,1.374,23.43,2.39,-80.387,0.029961,-0.019266,0.035621,0.001145,0.006872
2026-01-01 12:10:00,N_GNSS_06,GNSS Reference,23.74384981,86.41204988,251.3487,1.322,24.299,1.697,-62.31,0.027895,-0.019905,0.034269,-0.001233,-0.007398
2026-01-01 12:20:00,N_GNSS_01,GNSS Reference,23.74209988,86.4122999,245.2002,-0.152,16.535,-20.858,-63.336,0.028884,-0.019256,0.034714,0.000297,0.001783
2026-01-01 12:20:00,N_GNSS_02,GNSS Reference,23.74284984,86.41314986,247.8469,3.121,23.221,6.469,-31.057,0.028293,-0.018599,0.033858,-0.00174,-0.01044
2026-01-01 12:20:00,N_GNSS_03,GNSS Reference,23.74154989,86.41404986,243.5997,0.321,18.516,-9.084,-69.19,0.030572,-0.020427,0.036768,-0.001489,-0.008934
2026-01-01 12:20:00,N_GNSS_04,GNSS Reference,23.74329975,86.41469993,249.0984,1.572,28.629,1.654,32.424,0.027342,-0.018576,0.033055,-0.000334,-0.002001
2026-01-01 12:20:00,N_GNSS_05,GNSS Reference,23.74094987,86.4129999,241.7489,1.133,18.044,-1.447,-32.317,0.027402,-0.019042,0.033369,-0.002252,-0.013512
2026-01-01 12:20:00,N_GNSS_06,GNSS Reference,23.74384987,86.41204986,251.3478,2.188,19.852,5.2,-26.68,0.026685,-0.01927,0.032915,-0.001354,-0.008122
2026-01-01 12:30:00,N_GNSS_01,GNSS Reference,23.7420999,86.41229985,245.1978,2.183,18.58,14.01,12.267,0.031239,-0.020954,0.037616,0.002902,0.01741
2026-01-01 12:30:00,N_GNSS_02,GNSS Reference,23.74284987,86.41314987,247.8483,1.703,19.72,-8.512,-21.002,0.029767,-0.018931,0.035277,0.001419,0.008513
2026-01-01 12:30:00,N_GNSS_03,GNSS Reference,23.74154978,86.41404981,243.5976,2.362,31.296,12.243,76.685,0.030618,-0.020454,0.036822,5.3e-05,0.00032
2026-01-01 12:30:00,N_GNSS_04,GNSS Reference,23.74329998,86.41469988,249.0982,1.84,12.218,1.61,-98.468,0.030361,-0.020442,0.036602,0.003547,0.02128
2026-01-01 12:30:00,N_GNSS_05,GNSS Reference,23.74094993,86.41299999,241.7494,0.618,7.439,-3.091,-63.629,0.029252,-0.020393,0.035659,0.00229,0.013741
2026-01-01 12:30:00,N_GNSS_06,GNSS Reference,23.74384991,86.41204991,251.348,2.032,13.872,-0.937,-35.877,0.028396,-0.018175,0.033715,0.0008,0.004799
2026-01-01 12:40:00,N_GNSS_01,GNSS Reference,23.74209968,86.41229997,245.1977,2.321,35.833,0.827,103.517,0.028722,-0.020596,0.035344,-0.002272,-0.01363
2026-01-01 12:40:00,N_GNSS_02,GNSS Reference,23.74284982,86.41314996,247.8491,0.882,20.883,-4.927,6.978,0.030187,-0.018458,0.035383,0.000106,0.000633
2026-01-01 12:40:00,N_GNSS_03,GNSS Reference,23.74154974,86.41404986,243.599,1.036,32.385,-7.953,6.532,0.032473,-0.020261,0.038276,0.001454,0.008725
2026-01-01 12:40:00,N_GNSS_04,GNSS Reference,23.74329986,86.41469996,249.099,0.957,15.863,-5.3,21.867,0.028217,-0.018915,0.033971,-0.002631,-0.015787
2026-01-01 12:40:00,N_GNSS_05,GNSS Reference,23.74094984,86.41299983,241.7494,0.571,24.81,-0.28,104.225,0.029445,-0.019887,0.035532,-0.000127,-0.000762
2026-01-01 12:40:00,N_GNSS_06,GNSS Reference,23.7438498,86.41204995,251.3507,-0.745,22.92,-16.663,54.286,0.029397,-0.020878,0.036057,0.002342,0.01405
2026-01-01 12:50:00,N_GNSS_01,GNSS Reference,23.74209985,86.41229986,245.198,1.994,21.885,-1.958,-83.684,0.030738,-0.020621,0.037014,0.00167,0.01002
2026-01-01 12:50:00,N_GNSS_02,GNSS Reference,23.74284975,86.41314994,247.8491,0.882,28.995,0.005,48.673,0.027656,-0.019889,0.034065,-0.001318,-0.007907
2026-01-01 12:50:00,N_GNSS_03,GNSS Reference,23.74154982,86.41404998,243.596,4.033,20.004,17.979,-74.289,0.031463,-0.021655,0.038195,-8.1e-05,-0.000485
2026-01-01 12:50:00,N_GNSS_04,GNSS Reference,23.74329986,86.4146999,249.0985,1.516,18.541,3.354,16.073,0.028445,-0.016818,0.033045,-0.000925,-0.005553
2026-01-01 12:50:00,N_GNSS_05,GNSS Reference,23.74094983,86.4129998,241.7474,2.596,28.063,12.147,19.522,0.030335,-0.019773,0.03621,0.000678,0.004069
2026-01-01 12:50:00,N_GNSS_06,GNSS Reference,23.74384979,86.41204986,251.3489,1.123,27.382,11.206,26.769,0.029779,-0.021257,0.036587,0.000531,0.003183
2026-01-01 13:00:00,N_GNSS_01,GNSS Reference,23.74209989,86.41229995,245.1995,0.465,13.523,-9.179,-50.174,0.030503,-0.020015,0.036483,-0.000531,-0.003186
2026-01-01 13:00:00,N_GNSS_02,GNSS Reference,23.74284974,86.41314986,247.8493,0.673,32.151,-1.253,18.932,0.02861,-0.018811,0.03424,0.000175,0.001049
2026-01-01 13:00:00,N_GNSS_03,GNSS Reference,23.74154985,86.41404996,243.5971,2.915,17.701,-6.708,-13.816,0.029067,-0.020082,0.035329,-0.002866,-0.017196
2026-01-01 13:00:00,N_GNSS_04,GNSS Reference,23.74329983,86.41470005,249.1001,-0.133,19.705,-9.893,6.982,0.027733,-0.01959,0.033955,0.000909,0.005456
2026-01-01 13:00:00,N_GNSS_05,GNSS Reference,23.74094983,86.41299995,241.7509,-0.902,19.96,-20.988,-48.618,0.029404,-0.020362,0.035767,-0.000443,-0.00266
2026-01-01 13:00:00,N_GNSS_06,GNSS Reference,23.74384984,86.41204991,251.3484,1.567,20.278,2.669,-42.623,0.028577,-0.02115,0.035553,-0.001034,-0.006206
2026-01-01 13:10:00,N_GNSS_01,GNSS Reference,23.74209986,86.41230005,245.1966,3.36,16.753,17.37,19.377,0.031435,-0.021836,0.038275,0.001792,0.010751
2026-01-01 13:10:00,N_GNSS_02,GNSS Reference,23.7428498,86.41315011,247.849,1.029,24.623,2.136,-45.167,0.030002,-0.018954,0.035488,0.001248,0.007488
2026-01-01 13:10:00,N_GNSS_03,GNSS Reference,23.74154989,86.41404993,243.5987,1.276,14.758,-9.836,-17.661,0.031114,-0.021253,0.03768,0.002351,0.014107
2026-01-01 13:10:00,N_GNSS_04,GNSS Reference,23.74329988,86.41469995,249.0985,1.53,14.456,9.979,-31.493,0.031308,-0.018051,0.036139,0.002184,0.013105
2026-01-01 13:10:00,N_GNSS_05,GNSS Reference,23.74094989,86.41299983,241.7497,0.293,21.108,7.175,6.887,0.029704,-0.019293,0.03542,-0.000346,-0.002078
2026-01-01 13:10:00,N_GNSS_06,GNSS Reference,23.74384992,86.41204995,251.3487,1.347,10.182,-1.324,-60.576,0.028483,-0.020494,0.035089,-0.000463,-0.00278
2026-01-01 13:20:00,N_GNSS_01,GNSS Reference,23.74209994,86.41230005,245.1952,4.808,8.291,8.689,-50.771,0.032271,-0.019763,0.037841,-0.000433,-0.0026
2026-01-01 13:20:00,N_GNSS_02,GNSS Reference,23.74284979,86.41314998,247.8512,-1.199,23.018,-13.371,-9.629,0.029315,-0.021496,0.036352,0.000864,0.005187
2026-01-01 13:20:00,N_GNSS_03,GNSS Reference,23.74154991,86.41404999,243.5951,4.861,9.575,21.515,-31.097,0.03117,-0.021897,0.038093,0.000413,0.002475
2026-01-01 13:20:00,N_GNSS_04,GNSS Reference,23.74329993,86.41470003,249.0981,1.858,8.475,1.968,-35.884,0.029427,-0.021331,0.036345,0.000206,0.001238
2026-01-01 13:20:00,N_GNSS_05,GNSS Reference,23.74094988,86.41299989,241.7481,1.936,17.077,9.854,-24.188,0.030196,-0.019723,0.036067,0.000646,0.003879
2026-01-01 13:20:00,N_GNSS_06,GNSS Reference,23.74384986,86.41204992,251.3487,1.282,17.664,-0.389,44.894,0.02867,-0.018632,0.034192,-0.000897,-0.005384
2026-01-01 13:30:00,N_GNSS_01,GNSS Reference,23.7420999,86.41230002,245.1975,2.522,10.79,-13.712,14.994,0.032612,-0.021371,0.03899,0.001149,0.006891
2026-01-01 13:30:00,N_GNSS_02,GNSS Reference,23.74284988,86.41314992,247.8502,-0.18,16.002,6.114,-42.099,0.031943,-0.019188,0.037263,0.000911,0.005464
2026-01-01 13:30:00,N_GNSS_03,GNSS Reference,23.74154983,86.41404995,243.5962,3.827,19.189,-6.207,57.685,0.033584,-0.022519,0.040435,0.002342,0.014052
2026-01-01 13:30:00,N_GNSS_04,GNSS Reference,23.74329985,86.41470003,249.0994,0.554,16.922,-7.826,50.681,0.030336,-0.020822,0.036795,0.00045,0.002697
2026-01-01 13:30:00,N_GNSS_05,GNSS Reference,23.74094988,86.41300004,241.7509,-0.92,14.02,-17.133,-18.339,0.030849,-0.018803,0.036128,6.1e-05,0.000366
2026-01-01 13:30:00,N_GNSS_06,GNSS Reference,23.74384994,86.41204998,251.3502,-0.179,6.685,-8.767,-65.876,0.028558,-0.02009,0.034917,0.000725,0.004348
2026-01-01 13:40:00,N_GNSS_01,GNSS Reference,23.74209994,86.41229995,245.1973,2.732,8.294,1.259,-14.972,0.031164,-0.022043,0.038172,-0.000818,-0.004908
2026-01-01 13:40:00,N_GNSS_02,GNSS Reference,23.74284994,86.41315013,247.8465,3.522,14.939,22.213,-6.374,0.029525,-0.018426,0.034803,-0.002459,-0.014756
2026-01-01 13:40:00,N_GNSS_03,GNSS Reference,23.74154996,86.41404994,243.5981,1.881,7.889,-11.675,-67.801,0.031174,-0.02142,0.037824,-0.002611,-0.015665
2026-01-01 13:40:00,N_GNSS_04,GNSS Reference,23.74329988,86.41469992,249.0973,2.68,15.271,12.761,-9.907,0.030318,-0.01884,0.035695,-0.001099,-0.006596
2026-01-01 13:40:00,N_GNSS_05,GNSS Reference,23.74094994,86.41300001,241.7484,1.605,7.122,15.146,-41.389,0.03166,-0.019689,0.037283,0.001155,0.006932
2026-01-01 13:40:00,N_GNSS_06,GNSS Reference,23.74384988,86.41205012,251.3504,-0.447,17.679,-1.607,65.966,0.030349,-0.019106,0.035862,0.000945,0.005672
2026-01-01 13:50:00,N_GNSS_01,GNSS Reference,23.74209988,86.41230004,245.1989,1.12,14.019,-9.672,34.349,0.031098,-0.02172,0.037932,-0.00024,-0.001441
2026-01-01 13:50:00,N_GNSS_02,GNSS Reference,23.74285001,86.41314995,247.8493,0.7,4.78,-16.933,-60.955,0.029311,-0.020118,0.035551,0.000747,0.004484
