timestamp,node_id,node_tier,tilt_x_deg,tilt_y_deg,tilt_magnitude_deg,tilt_change_deg,tilt_rate_deg_per_time,acceleration_mps2,peak_acceleration_mps2,rms_acceleration_mps2,dominant_frequency_hz,vibration_duration_s
2026-01-01 00:00:00,N_LITE_01,Lite,0.034964,-0.018188,0.039411,0.0,0.0,0.043113,0.058462,0.033681,18.0559,0.4675
2026-01-01 00:00:00,N_LITE_02,Lite,0.036138,-0.019991,0.041299,0.0,0.0,0.07459,0.101647,0.057309,26.3602,2.5834
2026-01-01 00:00:00,N_LITE_03,Lite,0.034147,-0.01637,0.037868,0.0,0.0,0.043762,0.060645,0.031268,18.527,0.4103
2026-01-01 00:00:00,N_LITE_04,Lite,0.0342,-0.019796,0.039516,0.0,0.0,0.048818,0.06755,0.035179,17.429,0.2156
2026-01-01 00:00:00,N_LITE_05,Lite,0.034113,-0.018224,0.038675,0.0,0.0,0.036748,0.045451,0.028132,18.5689,0.739
2026-01-01 00:00:00,N_LITE_06,Lite,0.035004,-0.017163,0.038986,0.0,0.0,0.045287,0.06546,0.037175,19.2062,0.2456
2026-01-01 00:10:00,N_LITE_01,Lite,0.037263,-0.018625,0.041658,0.002247,0.013483,0.087603,0.105547,0.072244,28.9509,2.9546
2026-01-01 00:10:00,N_LITE_02,Lite,0.034314,-0.019407,0.039422,-0.001877,-0.011262,0.045335,0.063738,0.032297,17.0622,0.5845
2026-01-01 00:10:00,N_LITE_03,Lite,0.035185,-0.017672,0.039374,0.001506,0.009034,0.054538,0.067856,0.045879,18.5569,0.7844
2026-01-01 00:10:00,N_LITE_04,Lite,0.037288,-0.01962,0.042135,0.002618,0.01571,0.050164,0.065332,0.042701,17.9847,0.6197
2026-01-01 00:10:00,N_LITE_05,Lite,0.035649,-0.018118,0.039989,0.001313,0.007881,0.041312,0.058314,0.032626,17.8574,0.2877
2026-01-01 00:10:00,N_LITE_06,Lite,0.035246,-0.017387,0.039302,0.000316,0.001896,0.052008,0.07219,0.041803,18.3962,0.3428
2026-01-01 00:20:00,N_LITE_01,Lite,0.036903,-0.018906,0.041464,-0.000194,-0.001164,0.050667,0.072507,0.038969,19.4897,0.3379
2026-01-01 00:20:00,N_LITE_02,Lite,0.033787,-0.017749,0.038165,-0.001256,-0.007538,0.04564,0.062784,0.033278,17.3825,0.5395
2026-01-01 00:20:00,N_LITE_03,Lite,0.035377,-0.01898,0.040147,0.000773,0.004638,0.053684,0.073942,0.04424,18.5214,0.5485
2026-01-01 00:20:00,N_LITE_04,Lite,0.035717,-0.017784,0.039899,-0.002235,-0.013411,0.043514,0.058703,0.037351,17.9818,0.6172
2026-01-01 00:20:00,N_LITE_05,Lite,0.035867,-0.016916,0.039656,-0.000333,-0.001997,0.040895,0.051854,0.035361,16.9075,0.4482
2026-01-01 00:20:00,N_LITE_06,Lite,0.035216,-0.018341,0.039706,0.000405,0.002427,0.046094,0.056132,0.034318,17.8019,0.7404
2026-01-01 00:30:00,N_LITE_01,Lite,0.035512,-0.018037,0.03983,-0.001634,-0.009804,0.041687,0.050931,0.035,19.1609,0.4691
2026-01-01 00:30:00,N_LITE_02,Lite,0.035473,-0.01836,0.039943,0.001777,0.010664,0.085973,0.106829,0.075484,23.4128,1.3922
2026-01-01 00:30:00,N_LITE_03,Lite,0.036445,-0.018581,0.040908,0.000761,0.004566,0.052564,0.061774,0.039284,19.7569,0.4428
2026-01-01 00:30:00,N_LITE_04,Lite,0.036322,-0.02019,0.041556,0.001656,0.009939,0.058582,0.078678,0.051062,19.7571,0.607
2026-01-01 00:30:00,N_LITE_05,Lite,0.035343,-0.01819,0.03975,9.4e-05,0.000561,0.052175,0.073251,0.038019,17.6399,0.3159
2026-01-01 00:30:00,N_LITE_06,Lite,0.035999,-0.019426,0.040906,0.001199,0.007196,0.091921,0.121488,0.070907,24.4956,3.1079
2026-01-01 00:40:00,N_LITE_01,Lite,0.032643,-0.018107,0.037329,-0.002502,-0.01501,0.052151,0.061301,0.045756,17.3976,0.5697
2026-01-01 00:40:00,N_LITE_02,Lite,0.036033,-0.019203,0.04083,0.000887,0.005324,0.049984,0.06703,0.038417,18.6593,0.248
2026-01-01 00:40:00,N_LITE_03,Lite,0.036257,-0.017798,0.040389,-0.000518,-0.003111,0.047844,0.058747,0.038293,18.8208,0.4079
2026-01-01 00:40:00,N_LITE_04,Lite,0.035718,-0.017828,0.03992,-0.001636,-0.009814,0.047557,0.064542,0.033402,17.4072,0.4499
2026-01-01 00:40:00,N_LITE_05,Lite,0.035848,-0.018997,0.040571,0.000821,0.004928,0.062,0.079061,0.052995,17.8239,0.7096
2026-01-01 00:40:00,N_LITE_06,Lite,0.039049,-0.021395,0.044526,0.003621,0.021724,0.058131,0.07479,0.05105,18.537,0.2718
2026-01-01 00:50:00,N_LITE_01,Lite,0.036835,-0.018143,0.041061,0.003732,0.022391,0.057238,0.078527,0.048402,19.1092,0.3754
2026-01-01 00:50:00,N_LITE_02,Lite,0.036824,-0.018497,0.041208,0.000378,0.00227,0.034853,0.04274,0.024797,18.9626,0.3913
2026-01-01 00:50:00,N_LITE_03,Lite,0.035728,-0.018826,0.040384,-5e-06,-3e-05,0.046887,0.064606,0.033033,17.8878,0.2802
2026-01-01 00:50:00,N_LITE_04,Lite,0.03718,-0.019346,0.041912,0.001992,0.011952,0.053087,0.075462,0.043161,19.5542,0.7499
2026-01-01 00:50:00,N_LITE_05,Lite,0.037202,-0.020979,0.042709,0.002138,0.01283,0.045585,0.059201,0.032855,18.7595,0.5571
2026-01-01 00:50:00,N_LITE_06,Lite,0.036091,-0.018396,0.040509,-0.004018,-0.024105,0.049455,0.063365,0.042589,19.3356,0.2518
2026-01-01 01:00:00,N_LITE_01,Lite,0.037097,-0.019788,0.042045,0.000984,0.005906,0.046328,0.055565,0.034569,17.1315,0.5327
2026-01-01 01:00:00,N_LITE_02,Lite,0.037362,-0.019489,0.04214,0.000931,0.005587,0.046141,0.06105,0.036248,20.776,0.444
2026-01-01 01:00:00,N_LITE_03,Lite,0.03606,-0.019205,0.040855,0.000471,0.002827,0.064389,0.092991,0.047343,19.5777,0.2011
2026-01-01 01:00:00,N_LITE_04,Lite,0.036048,-0.018462,0.0405,-0.001412,-0.008472,0.042197,0.055883,0.031037,17.6016,0.2992
2026-01-01 01:00:00,N_LITE_05,Lite,0.037388,-0.018518,0.041722,-0.000987,-0.005923,0.079948,0.106873,0.05901,27.8697,2.1977
2026-01-01 01:00:00,N_LITE_06,Lite,0.034988,-0.021003,0.040808,0.000299,0.001797,0.039939,0.046167,0.031498,19.6953,0.7744
2026-01-01 01:10:00,N_LITE_01,Lite,0.036622,-0.01837,0.040971,-0.001074,-0.006444,0.057107,0.081821,0.049669,19.3025,0.5976
2026-01-01 01:10:00,N_LITE_02,Lite,0.035806,-0.02014,0.041082,-0.001058,-0.006346,0.088415,0.124194,0.075309,26.3149,3.6318
2026-01-01 01:10:00,N_LITE_03,Lite,0.037087,-0.019176,0.041751,0.000896,0.005376,0.047085,0.061929,0.039968,19.7581,0.7504
2026-01-01 01:10:00,N_LITE_04,Lite,0.035524,-0.01884,0.040211,-0.000289,-0.001736,0.056777,0.06718,0.047539,19.0933,0.4468
2026-01-01 01:10:00,N_LITE_05,Lite,0.037534,-0.01985,0.042459,0.000737,0.004422,0.048701,0.061738,0.036449,19.8793,0.6534
2026-01-01 01:10:00,N_LITE_06,Lite,0.035554,-0.017534,0.039643,-0.001165,-0.006993,0.048567,0.063535,0.034964,19.4701,0.7106
2026-01-01 01:20:00,N_LITE_01,Lite,0.036708,-0.0172,0.040538,-0.000433,-0.002599,0.053696,0.066991,0.045885,18.5583,0.7329
2026-01-01 01:20:00,N_LITE_02,Lite,0.037928,-0.019992,0.042874,0.001792,0.010754,0.058285,0.06978,0.045463,18.9719,0.6392
2026-01-01 01:20:00,N_LITE_03,Lite,0.038692,-0.018981,0.043097,0.001346,0.008075,0.067801,0.082696,0.0549,26.8628,1.2057
2026-01-01 01:20:00,N_LITE_04,Lite,0.035321,-0.017367,0.03936,-0.000851,-0.005107,0.048955,0.058242,0.041964,20.1108,0.7366
2026-01-01 01:20:00,N_LITE_05,Lite,0.03628,-0.019186,0.041041,-0.001418,-0.008511,0.053727,0.063913,0.039532,18.8928,0.5797
2026-01-01 01:20:00,N_LITE_06,Lite,0.037099,-0.01934,0.041837,0.002195,0.013168,0.05196,0.070072,0.037791,21.0231,0.4324
2026-01-01 01:30:00,N_LITE_01,Lite,0.035986,-0.020043,0.041191,0.000653,0.00392,0.050311,0.058729,0.042748,20.8107,0.4683
2026-01-01 01:30:00,N_LITE_02,Lite,0.03487,-0.019134,0.039775,-0.003099,-0.018595,0.042197,0.059898,0.031017,18.8695,0.276
2026-01-01 01:30:00,N_LITE_03,Lite,0.035535,-0.019111,0.040348,-0.002749,-0.016494,0.071923,0.094118,0.05323,29.4103,1.3193
2026-01-01 01:30:00,N_LITE_04,Lite,0.037172,-0.019516,0.041984,0.002624,0.015744,0.054243,0.063345,0.042313,19.878,0.4494
2026-01-01 01:30:00,N_LITE_05,Lite,0.037198,-0.019992,0.04223,0.001189,0.007134,0.045433,0.058959,0.035297,19.5564,0.7596
2026-01-01 01:30:00,N_LITE_06,Lite,0.035658,-0.020443,0.041102,-0.000735,-0.00441,0.05125,0.064713,0.038961,19.6633,0.7214
2026-01-01 01:40:00,N_LITE_01,Lite,0.037056,-0.020569,0.042382,0.001191,0.007144,0.101455,0.137554,0.084993,31.1703,1.611
2026-01-01 01:40:00,N_LITE_02,Lite,0.037964,-0.020075,0.042946,0.00317,0.019022,0.093067,0.118499,0.078171,29.279,3.7898
2026-01-01 01:40:00,N_LITE_03,Lite,0.034677,-0.020631,0.04035,2e-06,1e-05,0.050986,0.058992,0.03671,19.9814,0.332
2026-01-01 01:40:00,N_LITE_04,Lite,0.036404,-0.0206,0.041829,-0.000155,-0.000932,0.062702,0.074472,0.044331,27.7759,2.1651
2026-01-01 01:40:00,N_LITE_05,Lite,0.037425,-0.019887,0.04238,0.00015,0.000902,0.053127,0.069832,0.043296,19.6086,0.2916
2026-01-01 01:40:00,N_LITE_06,Lite,0.036354,-0.020038,0.041511,0.000408,0.002449,0.058859,0.081913,0.046651,19.83,0.4572
2026-01-01 01:50:00,N_LITE_01,Lite,0.036027,-0.019974,0.041193,-0.001188,-0.007131,0.060241,0.070905,0.047802,19.1923,0.789
2026-01-01 01:50:00,N_LITE_02,Lite,0.038182,-0.020529,0.043351,0.000405,0.00243,0.054553,0.07887,0.040446,19.7101,0.5281
2026-01-01 01:50:00,N_LITE_03,Lite,0.036992,-0.018474,0.041349,0.000999,0.005992,0.053817,0.06588,0.043671,20.8922,0.554
2026-01-01 01:50:00,N_LITE_04,Lite,0.037115,-0.020192,0.042252,0.000423,0.002538,0.056349,0.078737,0.042186,20.111,0.205
2026-01-01 01:50:00,N_LITE_05,Lite,0.037719,-0.020025,0.042705,0.000325,0.00195,0.043405,0.060999,0.037505,19.7565,0.4568
2026-01-01 01:50:00,N_LITE_06,Lite,0.038386,-0.021314,0.043906,0.002396,0.014375,0.058321,0.074299,0.042107,20.0926,0.4938
2026-01-01 02:00:00,N_LITE_01,Lite,0.038401,-0.020543,0.043551,0.002358,0.014147,0.058184,0.07024,0.04575,20.8118,0.2529
2026-01-01 02:00:00,N_LITE_02,Lite,0.03712,-0.021587,0.042941,-0.00041,-0.00246,0.065909,0.080739,0.052285,25.9999,3.1286
2026-01-01 02:00:00,N_LITE_03,Lite,0.034472,-0.019447,0.039579,-0.00177,-0.010619,0.045994,0.05945,0.037313,19.6793,0.5358
2026-01-01 02:00:00,N_LITE_04,Lite,0.036606,-0.020133,0.041777,-0.000475,-0.002847,0.059071,0.069883,0.04499,21.0376,0.43
2026-01-01 02:00:00,N_LITE_05,Lite,0.037553,-0.020378,0.042725,2e-05,0.000121,0.056371,0.078981,0.045358,19.3626,0.4937
2026-01-01 02:00:00,N_LITE_06,Lite,0.035667,-0.020267,0.041024,-0.002883,-0.017298,0.05394,0.066827,0.039376,19.2769,0.77
2026-01-01 02:10:00,N_LITE_01,Lite,0.036501,-0.020081,0.04166,-0.001891,-0.011346,0.056248,0.069358,0.043233,20.6803,0.6079
2026-01-01 02:10:00,N_LITE_02,Lite,0.038945,-0.020445,0.043986,0.001045,0.006271,0.04605,0.059755,0.039421,19.2935,0.5073
2026-01-01 02:10:00,N_LITE_03,Lite,0.035167,-0.020715,0.040814,0.001235,0.007412,0.050374,0.059375,0.04011,20.3809,0.5855
2026-01-01 02:10:00,N_LITE_04,Lite,0.035287,-0.019994,0.040558,-0.001219,-0.007317,0.050778,0.060208,0.043673,19.6198,0.4898
2026-01-01 02:10:00,N_LITE_05,Lite,0.036927,-0.01939,0.041708,-0.001018,-0.006105,0.04533,0.061224,0.032858,19.5051,0.3975
2026-01-01 02:10:00,N_LITE_06,Lite,0.035795,-0.020129,0.041066,4.3e-05,0.000255,0.051547,0.072266,0.037914,21.7406,0.735
2026-01-01 02:20:00,N_LITE_01,Lite,0.036274,-0.020688,0.041759,9.9e-05,0.000594,0.057888,0.080208,0.049017,19.992,0.3658
2026-01-01 02:20:00,N_LITE_02,Lite,0.034385,-0.020392,0.039977,-0.004008,-0.024051,0.046726,0.061322,0.035279,22.0785,0.5035
2026-01-01 02:20:00,N_LITE_03,Lite,0.037402,-0.018977,0.04194,0.001126,0.006756,0.051959,0.0725,0.039276,19.6075,0.5887
2026-01-01 02:20:00,N_LITE_04,Lite,0.036762,-0.020089,0.041893,0.001335,0.008012,0.047159,0.063339,0.033533,19.7839,0.7976
2026-01-01 02:20:00,N_LITE_05,Lite,0.037873,-0.020289,0.042966,0.001258,0.007547,0.047869,0.060265,0.036347,20.5224,0.5464
2026-01-01 02:20:00,N_LITE_06,Lite,0.036577,-0.021316,0.042335,0.001269,0.007614,0.041664,0.055213,0.034932,21.2019,0.4182
2026-01-01 02:30:00,N_LITE_01,Lite,0.035612,-0.021769,0.041739,-2e-05,-0.000121,0.037001,0.049752,0.028409,19.3614,0.7632
2026-01-01 02:30:00,N_LITE_02,Lite,0.036394,-0.021278,0.042158,0.002181,0.013084,0.056046,0.07319,0.04486,20.4632,0.6727
2026-01-01 02:30:00,N_LITE_03,Lite,0.036246,-0.020814,0.041797,-0.000143,-0.000858,0.048666,0.065417,0.03662,20.0655,0.6857
2026-01-01 02:30:00,N_LITE_04,Lite,0.035262,-0.020527,0.040801,-0.001092,-0.006551,0.046295,0.058504,0.033178,19.5954,0.2514
2026-01-01 02:30:00,N_LITE_05,Lite,0.03719,-0.021467,0.042941,-2.5e-05,-0.00015,0.044058,0.05491,0.031546,21.2048,0.2319
2026-01-01 02:30:00,N_LITE_06,Lite,0.036215,-0.021332,0.042031,-0.000304,-0.001826,0.052658,0.069223,0.041114,19.9404,0.7407
2026-01-01 02:40:00,N_LITE_01,Lite,0.03582,-0.022047,0.042061,0.000322,0.001932,0.046273,0.065236,0.032964,18.3176,0.5209
2026-01-01 02:40:00,N_LITE_02,Lite,0.03605,-0.019389,0.040934,-0.001224,-0.007346,0.05425,0.065447,0.042255,21.0469,0.5971
2026-01-01 02:40:00,N_LITE_03,Lite,0.035536,-0.020171,0.040862,-0.000936,-0.005613,0.056236,0.077895,0.039743,20.3021,0.7747
2026-01-01 02:40:00,N_LITE_04,Lite,0.034715,-0.020304,0.040217,-0.000584,-0.003507,0.055442,0.074643,0.04052,20.4843,0.3255
2026-01-01 02:40:00,N_LITE_05,Lite,0.036557,-0.020646,0.041984,-0.000956,-0.005738,0.037491,0.047702,0.03027,19.1126,0.7204
2026-01-01 02:40:00,N_LITE_06,Lite,0.035438,-0.021444,0.041421,-0.00061,-0.003658,0.049888,0.060095,0.038665,21.262,0.6064
2026-01-01 02:50:00,N_LITE_01,Lite,0.035549,-0.019805,0.040693,-0.001367,-0.008204,0.058848,0.070736,0.048625,20.6135,0.7905
2026-01-01 02:50:00,N_LITE_02,Lite,0.034354,-0.021169,0.040352,-0.000581,-0.003488,0.048517,0.061314,0.041692,20.8599,0.7003
2026-01-01 02:50:00,N_LITE_03,Lite,0.03499,-0.021149,0.040885,2.3e-05,0.000138,0.053619,0.074415,0.041474,19.3131,0.5808
2026-01-01 02:50:00,N_LITE_04,Lite,0.036111,-0.021765,0.042163,0.001946,0.011678,0.050441,0.059965,0.040192,19.86,0.2805
2026-01-01 02:50:00,N_LITE_05,Lite,0.035361,-0.021041,0.041148,-0.000837,-0.00502,0.048273,0.061447,0.040657,20.2728,0.2802
2026-01-01 02:50:00,N_LITE_06,Lite,0.034298,-0.020774,0.040099,-0.001322,-0.00793,0.058587,0.08155,0.047926,20.609,0.5975
2026-01-01 03:00:00,N_LITE_01,Lite,0.033347,-0.021562,0.03971,-0.000983,-0.005899,0.040146,0.048689,0.028348,21.705,0.6287
2026-01-01 03:00:00,N_LITE_02,Lite,0.033945,-0.020584,0.039699,-0.000654,-0.003921,0.053764,0.070819,0.041855,21.998,0.5082
2026-01-01 03:00:00,N_LITE_03,Lite,0.035285,-0.020369,0.040742,-0.000142,-0.000854,0.059808,0.078301,0.050787,19.3669,0.6607
2026-01-01 03:00:00,N_LITE_04,Lite,0.035769,-0.021863,0.041922,-0.000241,-0.001446,0.050333,0.068672,0.037648,21.5613,0.6337
2026-01-01 03:00:00,N_LITE_05,Lite,0.034884,-0.019961,0.040192,-0.000956,-0.005736,0.04035,0.053837,0.029294,19.181,0.7483
2026-01-01 03:00:00,N_LITE_06,Lite,0.034312,-0.020602,0.040022,-7.7e-05,-0.000465,0.04157,0.050749,0.031879,18.9739,0.3554
2026-01-01 03:10:00,N_LITE_01,Lite,0.03425,-0.020743,0.040041,0.000331,0.001987,0.052606,0.074244,0.046144,19.6358,0.3501
2026-01-01 03:10:00,N_LITE_02,Lite,0.034809,-0.021845,0.041096,0.001397,0.008383,0.034784,0.047448,0.024601,21.0125,0.4659
2026-01-01 03:10:00,N_LITE_03,Lite,0.03493,-0.02234,0.041464,0.000721,0.004327,0.053759,0.073559,0.042287,20.3315,0.7465
2026-01-01 03:10:00,N_LITE_04,Lite,0.035391,-0.021505,0.041412,-0.00051,-0.003059,0.056874,0.067255,0.049383,21.5137,0.7095
2026-01-01 03:10:00,N_LITE_05,Lite,0.035422,-0.021543,0.041459,0.001267,0.007601,0.057014,0.074673,0.040806,20.5437,0.3109
2026-01-01 03:10:00,N_LITE_06,Lite,0.036052,-0.019317,0.0409,0.000879,0.005272,0.050852,0.067357,0.037505,20.7528,0.5592
2026-01-01 03:20:00,N_LITE_01,Lite,0.035153,-0.02058,0.040734,0.000693,0.004157,0.05264,0.071906,0.043468,21.316,0.6482
2026-01-01 03:20:00,N_LITE_02,Lite,0.03594,-0.020002,0.041131,3.5e-05,0.000211,0.03827,0.051073,0.033036,20.0048,0.681
2026-01-01 03:20:00,N_LITE_03,Lite,0.034513,-0.021827,0.040836,-0.000627,-0.003763,0.081434,0.094543,0.066994,29.5987,1.202
2026-01-01 03:20:00,N_LITE_04,Lite,0.036027,-0.021551,0.041981,0.000568,0.003411,0.04669,0.060319,0.035922,19.2046,0.2758
2026-01-01 03:20:00,N_LITE_05,Lite,0.035411,-0.022095,0.041739,0.00028,0.001682,0.04592,0.063058,0.035988,21.6323,0.3116
2026-01-01 03:20:00,N_LITE_06,Lite,0.034776,-0.020317,0.040277,-0.000624,-0.003743,0.053711,0.076192,0.040991,20.0095,0.4243
2026-01-01 03:30:00,N_LITE_01,Lite,0.033491,-0.022531,0.040364,-0.00037,-0.002219,0.052643,0.063258,0.041227,19.8527,0.6005
2026-01-01 03:30:00,N_LITE_02,Lite,0.033394,-0.022163,0.040079,-0.001052,-0.00631,0.037231,0.049661,0.031313,18.8036,0.705
2026-01-01 03:30:00,N_LITE_03,Lite,0.03231,-0.021902,0.039034,-0.001802,-0.010814,0.04248,0.054069,0.034789,19.6024,0.6059
2026-01-01 03:30:00,N_LITE_04,Lite,0.032838,-0.021955,0.039502,-0.002479,-0.014874,0.048305,0.059131,0.035201,20.9455,0.344
2026-01-01 03:30:00,N_LITE_05,Lite,0.034367,-0.02152,0.040549,-0.00119,-0.007142,0.033121,0.041546,0.026504,19.3265,0.3085
2026-01-01 03:30:00,N_LITE_06,Lite,0.033748,-0.020128,0.039294,-0.000982,-0.005894,0.045405,0.059832,0.035743,20.2095,0.7487
2026-01-01 03:40:00,N_LITE_01,Lite,0.032737,-0.020975,0.03888,-0.001485,-0.008907,0.049507,0.061831,0.037677,18.7092,0.7716
2026-01-01 03:40:00,N_LITE_02,Lite,0.034945,-0.020307,0.040417,0.000338,0.002025,0.043083,0.061981,0.034213,20.8255,0.7946
2026-01-01 03:40:00,N_LITE_03,Lite,0.033796,-0.020575,0.039567,0.000533,0.003196,0.051141,0.070832,0.041079,19.5211,0.5569
2026-01-01 03:40:00,N_LITE_04,Lite,0.033641,-0.021077,0.039698,0.000197,0.00118,0.050011,0.06133,0.042428,20.1236,0.3543
2026-01-01 03:40:00,N_LITE_05,Lite,0.033164,-0.021704,0.039635,-0.000913,-0.005481,0.042649,0.054152,0.031603,21.0557,0.402
2026-01-01 03:40:00,N_LITE_06,Lite,0.033561,-0.020652,0.039406,0.000112,0.00067,0.048679,0.068767,0.037153,21.1186,0.3662
2026-01-01 03:50:00,N_LITE_01,Lite,0.03455,-0.019579,0.039712,0.000832,0.00499,0.047737,0.063965,0.039316,21.1564,0.4265
2026-01-01 03:50:00,N_LITE_02,Lite,0.033448,-0.020928,0.039456,-0.000961,-0.005766,0.049191,0.059483,0.042052,21.9644,0.7834
2026-01-01 03:50:00,N_LITE_03,Lite,0.033062,-0.021261,0.039308,-0.000259,-0.001553,0.031241,0.038652,0.024949,20.1901,0.5486
2026-01-01 03:50:00,N_LITE_04,Lite,0.032607,-0.021245,0.038917,-0.000781,-0.004688,0.053874,0.0728,0.041961,19.692,0.7792
2026-01-01 03:50:00,N_LITE_05,Lite,0.032251,-0.021722,0.038884,-0.000751,-0.004504,0.078964,0.096442,0.056161,26.1728,1.0752
2026-01-01 03:50:00,N_LITE_06,Lite,0.033885,-0.020485,0.039596,0.00019,0.001142,0.033626,0.044536,0.029379,21.1967,0.4943
2026-01-01 04:00:00,N_LITE_01,Lite,0.032946,-0.021553,0.03937,-0.000342,-0.002052,0.049367,0.06569,0.042938,19.7135,0.276
2026-01-01 04:00:00,N_LITE_02,Lite,0.032903,-0.02187,0.039508,5.2e-05,0.000312,0.051837,0.063382,0.039953,20.6075,0.5582
2026-01-01 04:00:00,N_LITE_03,Lite,0.034141,-0.023268,0.041316,0.002008,0.012048,0.050155,0.059585,0.036564,21.2434,0.3493
2026-01-01 04:00:00,N_LITE_04,Lite,0.035653,-0.021544,0.041657,0.00274,0.016441,0.038707,0.045783,0.033384,21.3295,0.7103
2026-01-01 04:00:00,N_LITE_05,Lite,0.032675,-0.021906,0.039338,0.000454,0.002724,0.042768,0.054761,0.030973,19.311,0.2903
2026-01-01 04:00:00,N_LITE_06,Lite,0.032629,-0.022141,0.039432,-0.000164,-0.000986,0.051982,0.072358,0.03728,20.3106,0.6785
2026-01-01 04:10:00,N_LITE_01,Lite,0.031064,-0.021469,0.037761,-0.001609,-0.009651,0.038794,0.0534,0.027565,19.5343,0.4793
2026-01-01 04:10:00,N_LITE_02,Lite,0.031492,-0.019331,0.036952,-0.002556,-0.015336,0.068917,0.083478,0.049549,28.5046,1.1661
2026-01-01 04:10:00,N_LITE_03,Lite,0.032849,-0.020774,0.038866,-0.002449,-0.014696,0.041923,0.054123,0.031517,18.8967,0.4645
2026-01-01 04:10:00,N_LITE_04,Lite,0.034591,-0.021049,0.040492,-0.001165,-0.006991,0.042318,0.048717,0.03337,20.7657,0.452
2026-01-01 04:10:00,N_LITE_05,Lite,0.032815,-0.021562,0.039265,-7.3e-05,-0.000439,0.051539,0.073785,0.039239,20.1521,0.2611
2026-01-01 04:10:00,N_LITE_06,Lite,0.03336,-0.019359,0.03857,-0.000862,-0.005172,0.054207,0.066566,0.047199,18.7968,0.7011
2026-01-01 04:20:00,N_LITE_01,Lite,0.031956,-0.022047,0.038823,0.001062,0.006373,0.046511,0.0623,0.033371,20.1186,0.7385
2026-01-01 04:20:00,N_LITE_02,Lite,0.029482,-0.023328,0.037595,0.000643,0.003858,0.0494,0.061987,0.03581,19.5019,0.3217
2026-01-01 04:20:00,N_LITE_03,Lite,0.031892,-0.021788,0.038624,-0.000242,-0.001453,0.062224,0.088534,0.045847,29.62,2.7389
2026-01-01 04:20:00,N_LITE_04,Lite,0.034546,-0.022577,0.04127,0.000778,0.004666,0.042891,0.052833,0.031042,20.0679,0.3943
2026-01-01 04:20:00,N_LITE_05,Lite,0.032609,-0.02128,0.038938,-0.000327,-0.00196,0.040262,0.052602,0.029079,20.4323,0.64
2026-01-01 04:20:00,N_LITE_06,Lite,0.033145,-0.02147,0.039491,0.000921,0.005529,0.037261,0.051937,0.03039,19.7967,0.617
2026-01-01 04:30:00,N_LITE_01,Lite,0.034995,-0.021599,0.041124,0.002301,0.013806,0.051967,0.069821,0.044645,20.4936,0.5219
2026-01-01 04:30:00,N_LITE_02,Lite,0.030895,-0.021012,0.037363,-0.000232,-0.001391,0.042654,0.05407,0.031598,19.158,0.4094
2026-01-01 04:30:00,N_LITE_03,Lite,0.032519,-0.021074,0.038751,0.000126,0.000758,0.042877,0.057353,0.032392,18.6879,0.2598
2026-01-01 04:30:00,N_LITE_04,Lite,0.034063,-0.021674,0.040373,-0.000896,-0.005377,0.038443,0.055532,0.0327,19.4832,0.7869
2026-01-01 04:30:00,N_LITE_05,Lite,0.031843,-0.022881,0.039211,0.000273,0.001636,0.050045,0.06787,0.04191,20.0654,0.775
2026-01-01 04:30:00,N_LITE_06,Lite,0.032744,-0.022197,0.039558,6.7e-05,0.000402,0.032673,0.045202,0.023014,21.1042,0.4636
2026-01-01 04:40:00,N_LITE_01,Lite,0.03227,-0.022602,0.039398,-0.001726,-0.010356,0.066759,0.078849,0.047114,30.4522,3.6432
2026-01-01 04:40:00,N_LITE_02,Lite,0.034063,-0.021561,0.040313,0.00295,0.0177,0.040351,0.057674,0.032955,19.3965,0.6705
2026-01-01 04:40:00,N_LITE_03,Lite,0.031777,-0.020824,0.037992,-0.000758,-0.004548,0.048182,0.061439,0.037505,19.2479,0.6411
2026-01-01 04:40:00,N_LITE_04,Lite,0.031007,-0.019857,0.03682,-0.003553,-0.021318,0.038505,0.050692,0.028631,20.8129,0.7387
2026-01-01 04:40:00,N_LITE_05,Lite,0.031274,-0.022222,0.038365,-0.000846,-0.005073,0.04715,0.057115,0.039479,20.1554,0.6649
2026-01-01 04:40:00,N_LITE_06,Lite,0.034354,-0.020952,0.040239,0.000681,0.004084,0.03886,0.050451,0.029414,20.17,0.793
2026-01-01 04:50:00,N_LITE_01,Lite,0.033128,-0.020288,0.038846,-0.000552,-0.003312,0.043818,0.059655,0.037377,19.8009,0.3023
2026-01-01 04:50:00,N_LITE_02,Lite,0.033923,-0.022174,0.040527,0.000214,0.001287,0.035686,0.051028,0.030544,19.7823,0.3135
2026-01-01 04:50:00,N_LITE_03,Lite,0.031469,-0.021889,0.038333,0.000341,0.002044,0.046043,0.055112,0.034131,20.8523,0.6639
2026-01-01 04:50:00,N_LITE_04,Lite,0.033657,-0.019839,0.039069,0.002249,0.013492,0.038176,0.048488,0.033428,18.8886,0.5757
2026-01-01 04:50:00,N_LITE_05,Lite,0.032294,-0.020327,0.038158,-0.000207,-0.001242,0.044623,0.060368,0.034221,18.6967,0.2891
2026-01-01 04:50:00,N_LITE_06,Lite,0.032977,-0.021709,0.039482,-0.000758,-0.004545,0.038086,0.051962,0.032912,19.5156,0.4462
2026-01-01 05:00:00,N_LITE_01,Lite,0.03377,-0.019416,0.038954,0.000108,0.000647,0.044418,0.053949,0.031471,19.0567,0.7871
2026-01-01 05:00:00,N_LITE_02,Lite,0.034194,-0.019093,0.039163,-0.001364,-0.008184,0.070457,0.08987,0.059158,26.5609,2.2554
2026-01-01 05:00:00,N_LITE_03,Lite,0.032066,-0.019404,0.03748,-0.000853,-0.005118,0.040435,0.050689,0.030019,19.4792,0.376
2026-01-01 05:00:00,N_LITE_04,Lite,0.032726,-0.019663,0.038179,-0.00089,-0.00534,0.044941,0.053275,0.033714,20.7815,0.7036
2026-01-01 05:00:00,N_LITE_05,Lite,0.033296,-0.019538,0.038605,0.000447,0.00268,0.038205,0.045205,0.030969,19.791,0.7119
2026-01-01 05:00:00,N_LITE_06,Lite,0.035152,-0.022066,0.041504,0.002023,0.012136,0.049503,0.06853,0.039287,17.1383,0.6906
2026-01-01 05:10:00,N_LITE_01,Lite,0.032989,-0.021176,0.039201,0.000246,0.001479,0.031003,0.036167,0.022366,19.1564,0.5269
2026-01-01 05:10:00,N_LITE_02,Lite,0.033477,-0.020275,0.039138,-2.5e-05,-0.000152,0.041092,0.051967,0.030568,19.19,0.3778
2026-01-01 05:10:00,N_LITE_03,Lite,0.033047,-0.022001,0.0397,0.00222,0.013321,0.039843,0.045958,0.033735,20.25,0.5732
2026-01-01 05:10:00,N_LITE_04,Lite,0.033331,-0.019805,0.038772,0.000593,0.003555,0.044034,0.060728,0.037436,21.0933,0.7237
2026-01-01 05:10:00,N_LITE_05,Lite,0.032999,-0.021201,0.039223,0.000618,0.003707,0.034031,0.042999,0.024633,20.1844,0.749
2026-01-01 05:10:00,N_LITE_06,Lite,0.034464,-0.019622,0.039658,-0.001846,-0.011076,0.041167,0.055987,0.030077,19.4502,0.4484
2026-01-01 05:20:00,N_LITE_01,Lite,0.032308,-0.021589,0.038857,-0.000343,-0.00206,0.03988,0.049076,0.029612,19.1403,0.3888
2026-01-01 05:20:00,N_LITE_02,Lite,0.033627,-0.019791,0.039018,-0.00012,-0.000719,0.054742,0.064489,0.047895,19.4852,0.29
2026-01-01 05:20:00,N_LITE_03,Lite,0.030785,-0.020256,0.036852,-0.002849,-0.017092,0.042291,0.055061,0.030784,19.8779,0.6823
2026-01-01 05:20:00,N_LITE_04,Lite,0.032286,-0.020905,0.038463,-0.000308,-0.001849,0.042351,0.058338,0.03087,20.2875,0.2402
2026-01-01 05:20:00,N_LITE_05,Lite,0.033497,-0.01949,0.038755,-0.000468,-0.002809,0.033741,0.048543,0.028164,20.0436,0.5705
2026-01-01 05:20:00,N_LITE_06,Lite,0.034412,-0.018695,0.039163,-0.000495,-0.002972,0.042035,0.059187,0.034268,19.7942,0.4948
2026-01-01 05:30:00,N_LITE_01,Lite,0.036608,-0.018013,0.0408,0.001942,0.011654,0.034592,0.043029,0.02861,20.2587,0.6521
2026-01-01 05:30:00,N_LITE_02,Lite,0.035397,-0.021058,0.041187,0.002169,0.013015,0.06431,0.088793,0.046317,29.3064,2.8037
2026-01-01 05:30:00,N_LITE_03,Lite,0.034802,-0.020725,0.040506,0.003654,0.021925,0.037273,0.052093,0.027703,19.5987,0.3805
2026-01-01 05:30:00,N_LITE_04,Lite,0.035126,-0.01836,0.039635,0.001172,0.007029,0.042393,0.056046,0.034817,19.5681,0.4101
2026-01-01 05:30:00,N_LITE_05,Lite,0.031984,-0.020965,0.038243,-0.000512,-0.00307,0.056714,0.073794,0.043276,20.3657,0.6919
2026-01-01 05:30:00,N_LITE_06,Lite,0.032758,-0.018642,0.03769,-0.001472,-0.008834,0.051794,0.071771,0.03646,20.6908,0.4323
2026-01-01 05:40:00,N_LITE_01,Lite,0.034961,-0.020751,0.040655,-0.000144,-0.000866,0.036231,0.046758,0.026534,20.1347,0.4043
2026-01-01 05:40:00,N_LITE_02,Lite,0.034931,-0.020769,0.040639,-0.000549,-0.003292,0.041177,0.056045,0.030845,18.9571,0.5327
2026-01-01 05:40:00,N_LITE_03,Lite,0.034298,-0.019586,0.039496,-0.001009,-0.006057,0.043617,0.056632,0.030772,19.3908,0.5975
2026-01-01 05:40:00,N_LITE_04,Lite,0.035702,-0.018878,0.040386,0.000751,0.004506,0.020114,0.027746,0.015062,17.6695,0.2193
2026-01-01 05:40:00,N_LITE_05,Lite,0.035217,-0.020732,0.040867,0.002624,0.015743,0.044786,0.054431,0.035152,19.4555,0.4242
2026-01-01 05:40:00,N_LITE_06,Lite,0.034124,-0.020568,0.039843,0.002153,0.012916,0.035232,0.043904,0.02919,18.9727,0.4692
2026-01-01 05:50:00,N_LITE_01,Lite,0.035777,-0.019934,0.040956,0.0003,0.001802,0.036408,0.045767,0.029391,19.0792,0.4783
2026-01-01 05:50:00,N_LITE_02,Lite,0.034488,-0.021126,0.040444,-0.000195,-0.001171,0.045991,0.059872,0.036142,18.5756,0.6415
2026-01-01 05:50:00,N_LITE_03,Lite,0.035612,-0.020106,0.040896,0.0014,0.008397,0.04058,0.049136,0.033598,20.0471,0.6422
2026-01-01 05:50:00,N_LITE_04,Lite,0.033779,-0.017032,0.03783,-0.002556,-0.015335,0.031125,0.040454,0.026119,19.1,0.5894
2026-01-01 05:50:00,N_LITE_05,Lite,0.034914,-0.019987,0.04023,-0.000637,-0.00382,0.041824,0.051858,0.030227,18.7669,0.7735
2026-01-01 05:50:00,N_LITE_06,Lite,0.035492,-0.020861,0.041169,0.001326,0.007954,0.042913,0.060975,0.032893,18.4078,0.5203
2026-01-01 06:00:00,N_LITE_01,Lite,0.036468,-0.018865,0.041058,0.000103,0.000616,0.033272,0.043785,0.024445,18.6201,0.3101
2026-01-01 06:00:00,N_LITE_02,Lite,0.035374,-0.018479,0.03991,-0.000534,-0.003204,0.072783,0.100203,0.057287,25.5309,3.6306
2026-01-01 06:00:00,N_LITE_03,Lite,0.034919,-0.020759,0.040623,-0.000272,-0.001635,0.042099,0.053745,0.029717,18.5955,0.6011
2026-01-01 06:00:00,N_LITE_04,Lite,0.036051,-0.019367,0.040924,0.003094,0.018564,0.034827,0.047998,0.029717,18.2721,0.368
2026-01-01 06:00:00,N_LITE_05,Lite,0.035231,-0.019057,0.040055,-0.000175,-0.001051,0.027445,0.039351,0.023394,19.2658,0.5964
2026-01-01 06:00:00,N_LITE_06,Lite,0.035479,-0.016982,0.039333,-0.001835,-0.011013,0.085564,0.11761,0.071683,24.2932,2.0769
2026-01-01 06:10:00,N_LITE_01,Lite,0.034819,-0.019805,0.040057,-0.001001,-0.006006,0.042554,0.061497,0.031223,18.1579,0.304
2026-01-01 06:10:00,N_LITE_02,Lite,0.035618,-0.018445,0.040111,0.000201,0.001208,0.043438,0.051602,0.035936,17.474,0.6369
2026-01-01 06:10:00,N_LITE_03,Lite,0.03486,-0.021253,0.040828,0.000205,0.001229,0.042484,0.049388,0.03057,19.8985,0.2894
2026-01-01 06:10:00,N_LITE_04,Lite,0.035979,-0.019708,0.041023,9.9e-05,0.000593,0.048253,0.065376,0.038621,17.5949,0.5182
2026-01-01 06:10:00,N_LITE_05,Lite,0.033838,-0.019435,0.039022,-0.001033,-0.006197,0.04751,0.059573,0.037025,19.3954,0.5466
2026-01-01 06:10:00,N_LITE_06,Lite,0.034387,-0.018305,0.038955,-0.000378,-0.002269,0.04014,0.051694,0.032404,17.9435,0.6017
2026-01-01 06:20:00,N_LITE_01,Lite,0.038337,-0.018885,0.042736,0.002679,0.016074,0.034521,0.045569,0.027339,17.3103,0.4374
2026-01-01 06:20:00,N_LITE_02,Lite,0.03769,-0.020454,0.042882,0.002771,0.016628,0.050356,0.070675,0.035888,18.9782,0.7083
2026-01-01 06:20:00,N_LITE_03,Lite,0.033108,-0.020432,0.038905,-0.001923,-0.011541,0.036767,0.04683,0.026349,17.9459,0.357
2026-01-01 06:20:00,N_LITE_04,Lite,0.035781,-0.01849,0.040276,-0.000747,-0.004484,0.059668,0.085943,0.050508,25.1044,1.1193
2026-01-01 06:20:00,N_LITE_05,Lite,0.033153,-0.019809,0.03862,-0.000402,-0.002412,0.031581,0.037302,0.024434,17.7885,0.7351
2026-01-01 06:20:00,N_LITE_06,Lite,0.033443,-0.018982,0.038455,-0.000501,-0.003003,0.030437,0.039871,0.026373,18.3124,0.6213
2026-01-01 06:30:00,N_LITE_01,Lite,0.036328,-0.020586,0.041756,-0.000981,-0.005884,0.035116,0.045711,0.029872,17.5422,0.3049
2026-01-01 06:30:00,N_LITE_02,Lite,0.034966,-0.017215,0.038974,-0.003908,-0.023449,0.031791,0.040113,0.022306,18.3731,0.2001
2026-01-01 06:30:00,N_LITE_03,Lite,0.034894,-0.019269,0.039861,0.000956,0.005735,0.046159,0.057896,0.040058,18.72,0.3596
2026-01-01 06:30:00,N_LITE_04,Lite,0.035699,-0.018004,0.039981,-0.000294,-0.001765,0.040804,0.053088,0.033605,18.8288,0.273
2026-01-01 06:30:00,N_LITE_05,Lite,0.03552,-0.019467,0.040505,0.001885,0.011307,0.037487,0.043837,0.031019,18.7762,0.7449
2026-01-01 06:30:00,N_LITE_06,Lite,0.037409,-0.019058,0.041984,0.003529,0.021174,0.031115,0.039632,0.026045,18.1751,0.6591
2026-01-01 06:40:00,N_LITE_01,Lite,0.037339,-0.018844,0.041824,6.9e-05,0.000411,0.037775,0.048087,0.026784,17.2539,0.294
2026-01-01 06:40:00,N_LITE_02,Lite,0.037038,-0.019399,0.041811,0.002837,0.017021,0.039422,0.046185,0.030788,17.8859,0.4639
2026-01-01 06:40:00,N_LITE_03,Lite,0.035696,-0.019645,0.040744,0.000884,0.005302,0.039875,0.057306,0.029861,18.6528,0.6056
2026-01-01 06:40:00,N_LITE_04,Lite,0.03633,-0.016845,0.040045,6.4e-05,0.000384,0.034633,0.047896,0.028136,17.7946,0.2009
2026-01-01 06:40:00,N_LITE_05,Lite,0.037512,-0.018267,0.041723,0.001218,0.007308,0.040189,0.051162,0.03399,18.5969,0.5141
2026-01-01 06:40:00,N_LITE_06,Lite,0.037067,-0.018762,0.041545,-0.000439,-0.002632,0.069932,0.088143,0.050389,25.6922,2.9523
2026-01-01 06:50:00,N_LITE_01,Lite,0.037186,-0.01884,0.041686,-0.000138,-0.000826,0.032625,0.039724,0.025518,17.5987,0.2579
2026-01-01 06:50:00,N_LITE_02,Lite,0.039233,-0.018194,0.043247,0.001436,0.008616,0.037884,0.052056,0.030338,19.1274,0.7613
2026-01-01 06:50:00,N_LITE_03,Lite,0.03659,-0.01872,0.041101,0.000357,0.002139,0.044498,0.062487,0.037149,18.0969,0.2716
2026-01-01 06:50:00,N_LITE_04,Lite,0.03621,-0.017832,0.040363,0.000318,0.001905,0.039964,0.056166,0.034484,17.9807,0.7264
2026-01-01 06:50:00,N_LITE_05,Lite,0.035869,-0.017358,0.039848,-0.001875,-0.011248,0.042746,0.059521,0.035913,17.6254,0.5909
2026-01-01 06:50:00,N_LITE_06,Lite,0.036805,-0.017547,0.040774,-0.000771,-0.004627,0.029904,0.035947,0.023688,17.5064,0.5396
2026-01-01 07:00:00,N_LITE_01,Lite,0.03477,-0.020831,0.040532,-0.001154,-0.006926,0.05322,0.063501,0.038364,17.026,0.6135
2026-01-01 07:00:00,N_LITE_02,Lite,0.033823,-0.018046,0.038336,-0.004911,-0.029463,0.044142,0.05144,0.03851,17.3162,0.7308
2026-01-01 07:00:00,N_LITE_03,Lite,0.034963,-0.018892,0.039741,-0.00136,-0.008162,0.046093,0.062549,0.038169,18.5302,0.5211
2026-01-01 07:00:00,N_LITE_04,Lite,0.036088,-0.019976,0.041248,0.000885,0.005311,0.044673,0.055915,0.032002,17.3181,0.6449
2026-01-01 07:00:00,N_LITE_05,Lite,0.035838,-0.018725,0.040435,0.000587,0.003522,0.027377,0.032758,0.020465,17.3074,0.2085
2026-01-01 07:00:00,N_LITE_06,Lite,0.03876,-0.018931,0.043136,0.002362,0.014172,0.071074,0.09343,0.060211,27.729,1.5778
2026-01-01 07:10:00,N_LITE_01,Lite,0.034978,-0.017498,0.039111,-0.001422,-0.008529,0.041363,0.047647,0.030687,18.7213,0.3546
2026-01-01 07:10:00,N_LITE_02,Lite,0.035344,-0.017868,0.039604,0.001267,0.007603,0.040509,0.055422,0.03278,17.8104,0.7617
2026-01-01 07:10:00,N_LITE_03,Lite,0.037109,-0.018248,0.041353,0.001612,0.009672,0.034653,0.048138,0.026189,17.011,0.3986
2026-01-01 07:10:00,N_LITE_04,Lite,0.03634,-0.017546,0.040354,-0.000894,-0.005363,0.036156,0.047224,0.026976,17.275,0.4152
2026-01-01 07:10:00,N_LITE_05,Lite,0.037581,-0.018706,0.041979,0.001544,0.009266,0.037641,0.049976,0.031982,16.0312,0.7877
2026-01-01 07:10:00,N_LITE_06,Lite,0.036503,-0.017697,0.040567,-0.002569,-0.015415,0.044755,0.063658,0.035159,17.1687,0.5932
2026-01-01 07:20:00,N_LITE_01,Lite,0.036394,-0.019394,0.041239,0.002128,0.012768,0.046294,0.059635,0.038013,18.0556,0.5161
2026-01-01 07:20:00,N_LITE_02,Lite,0.037472,-0.01811,0.041619,0.002015,0.012093,0.041882,0.048467,0.029491,16.5852,0.675
2026-01-01 07:20:00,N_LITE_03,Lite,0.036608,-0.019023,0.041255,-9.7e-05,-0.000583,0.044911,0.061546,0.031443,15.3808,0.5624
2026-01-01 07:20:00,N_LITE_04,Lite,0.035685,-0.018313,0.04011,-0.000244,-0.001466,0.045847,0.063078,0.040078,17.6104,0.6278
2026-01-01 07:20:00,N_LITE_05,Lite,0.036072,-0.017514,0.040099,-0.00188,-0.011281,0.04491,0.060985,0.038313,16.6292,0.7857
2026-01-01 07:20:00,N_LITE_06,Lite,0.037789,-0.017404,0.041604,0.001038,0.006225,0.04391,0.058147,0.036779,17.3818,0.7097
2026-01-01 07:30:00,N_LITE_01,Lite,0.034406,-0.017634,0.038662,-0.002577,-0.015461,0.030768,0.043884,0.026179,17.7034,0.7439
2026-01-01 07:30:00,N_LITE_02,Lite,0.036673,-0.017838,0.040781,-0.000838,-0.005031,0.042999,0.055961,0.032496,17.5093,0.4261
2026-01-01 07:30:00,N_LITE_03,Lite,0.040405,-0.01907,0.044679,0.003424,0.020543,0.047612,0.0688,0.038852,15.7676,0.6225
2026-01-01 07:30:00,N_LITE_04,Lite,0.038007,-0.018212,0.042145,0.002035,0.012208,0.050848,0.064804,0.043521,25.9433,2.3161
2026-01-01 07:30:00,N_LITE_05,Lite,0.035647,-0.018383,0.040108,9e-06,5.4e-05,0.042494,0.061425,0.037244,15.8384,0.272
2026-01-01 07:30:00,N_LITE_06,Lite,0.038759,-0.019301,0.043299,0.001694,0.010167,0.038001,0.054667,0.033323,17.917,0.5714
2026-01-01 07:40:00,N_LITE_01,Lite,0.036396,-0.019755,0.041412,0.00275,0.016499,0.050487,0.059304,0.041915,17.7415,0.2179
2026-01-01 07:40:00,N_LITE_02,Lite,0.0356,-0.018898,0.040305,-0.000475,-0.002852,0.044589,0.062039,0.038118,16.566,0.4746
2026-01-01 07:40:00,N_LITE_03,Lite,0.036208,-0.01781,0.040351,-0.004328,-0.025969,0.039992,0.050492,0.031354,16.7047,0.7368
2026-01-01 07:40:00,N_LITE_04,Lite,0.037346,-0.017548,0.041264,-0.000881,-0.005286,0.037249,0.044439,0.031828,16.179,0.4224
2026-01-01 07:40:00,N_LITE_05,Lite,0.037769,-0.018483,0.042049,0.001941,0.011646,0.031422,0.043133,0.025515,17.0068,0.7224
2026-01-01 07:40:00,N_LITE_06,Lite,0.036433,-0.019108,0.04114,-0.002159,-0.012955,0.040972,0.058487,0.035543,16.7116,0.3621
2026-01-01 07:50:00,N_LITE_01,Lite,0.035505,-0.015589,0.038776,-0.002635,-0.015812,0.076049,0.093131,0.05593,26.444,1.9622
2026-01-01 07:50:00,N_LITE_02,Lite,0.038857,-0.018577,0.043069,0.002764,0.016585,0.040357,0.047536,0.031076,14.7936,0.5309
2026-01-01 07:50:00,N_LITE_03,Lite,0.036806,-0.018504,0.041196,0.000845,0.005067,0.052982,0.076175,0.043496,15.7415,0.4702
2026-01-01 07:50:00,N_LITE_04,Lite,0.037221,-0.019305,0.04193,0.000666,0.003996,0.042664,0.050163,0.032096,16.2189,0.7242
2026-01-01 07:50:00,N_LITE_05,Lite,0.037168,-0.017334,0.041011,-0.001038,-0.00623,0.041705,0.051398,0.036256,16.9103,0.5123
2026-01-01 07:50:00,N_LITE_06,Lite,0.036985,-0.019748,0.041927,0.000787,0.004721,0.030062,0.036307,0.026282,15.777,0.7436
2026-01-01 08:00:00,N_LITE_01,Lite,0.03599,-0.018229,0.040343,0.001567,0.0094,0.033316,0.040037,0.024973,16.1675,0.3025
2026-01-01 08:00:00,N_LITE_02,Lite,0.037688,-0.018521,0.041993,-0.001076,-0.006457,0.046276,0.059508,0.040499,16.2114,0.3494
2026-01-01 08:00:00,N_LITE_03,Lite,0.039397,-0.019156,0.043807,0.002611,0.015668,0.09539,0.109972,0.083049,27.2033,1.8327
2026-01-01 08:00:00,N_LITE_04,Lite,0.038209,-0.018549,0.042474,0.000544,0.003264,0.044841,0.05242,0.032871,17.1202,0.3571
2026-01-01 08:00:00,N_LITE_05,Lite,0.038108,-0.017822,0.04207,0.001059,0.006352,0.042816,0.05837,0.033604,17.7578,0.5676
2026-01-01 08:00:00,N_LITE_06,Lite,0.037851,-0.017231,0.041588,-0.000338,-0.002031,0.053281,0.069871,0.038522,15.7365,0.5698
2026-01-01 08:10:00,N_LITE_01,Lite,0.035939,-0.018427,0.040388,4.5e-05,0.000267,0.041804,0.054819,0.033464,16.4205,0.6574
2026-01-01 08:10:00,N_LITE_02,Lite,0.03832,-0.018755,0.042664,0.00067,0.004023,0.039082,0.045022,0.029905,14.2996,0.2048
2026-01-01 08:10:00,N_LITE_03,Lite,0.036744,-0.020145,0.041904,-0.001903,-0.011418,0.087404,0.118972,0.073313,21.5752,3.794
2026-01-01 08:10:00,N_LITE_04,Lite,0.035595,-0.01878,0.040246,-0.002228,-0.013366,0.052323,0.074666,0.040127,16.2284,0.5191
2026-01-01 08:10:00,N_LITE_05,Lite,0.038178,-0.016787,0.041706,-0.000364,-0.002186,0.042638,0.054706,0.035084,15.9239,0.3906
2026-01-01 08:10:00,N_LITE_06,Lite,0.036173,-0.021306,0.041981,0.000393,0.002359,0.052555,0.07518,0.04538,14.8885,0.7053
2026-01-01 08:20:00,N_LITE_01,Lite,0.037085,-0.019063,0.041698,0.00131,0.00786,0.040484,0.056927,0.028702,17.3857,0.5575
2026-01-01 08:20:00,N_LITE_02,Lite,0.037661,-0.018646,0.042024,-0.00064,-0.00384,0.038588,0.052108,0.031397,16.9965,0.2374
2026-01-01 08:20:00,N_LITE_03,Lite,0.037289,-0.018244,0.041513,-0.000391,-0.002347,0.047298,0.058276,0.03483,16.6355,0.4705
2026-01-01 08:20:00,N_LITE_04,Lite,0.036255,-0.019827,0.041322,0.001076,0.006459,0.039479,0.046611,0.03405,17.6185,0.5645
2026-01-01 08:20:00,N_LITE_05,Lite,0.035433,-0.018859,0.040139,-0.001566,-0.009399,0.051977,0.069211,0.044367,15.8258,0.3851
2026-01-01 08:20:00,N_LITE_06,Lite,0.039453,-0.017832,0.043295,0.001314,0.007883,0.044406,0.054855,0.031787,15.2973,0.7525
2026-01-01 08:30:00,N_LITE_01,Lite,0.036364,-0.017463,0.04034,-0.001358,-0.008146,0.048607,0.056347,0.037296,16.4194,0.3511
2026-01-01 08:30:00,N_LITE_02,Lite,0.036505,-0.018974,0.041141,-0.000882,-0.005293,0.050744,0.063375,0.037004,16.5675,0.5346
2026-01-01 08:30:00,N_LITE_03,Lite,0.036821,-0.018167,0.041059,-0.000454,-0.002724,0.040286,0.04852,0.028398,15.1447,0.2853
2026-01-01 08:30:00,N_LITE_04,Lite,0.035657,-0.020072,0.040918,-0.000404,-0.002426,0.040003,0.052919,0.028303,14.8796,0.5142
2026-01-01 08:30:00,N_LITE_05,Lite,0.036444,-0.021618,0.042373,0.002234,0.013403,0.045831,0.060339,0.037413,17.4288,0.2581
2026-01-01 08:30:00,N_LITE_06,Lite,0.036435,-0.018126,0.040695,-0.002601,-0.015604,0.035625,0.04139,0.030321,17.3561,0.4493
2026-01-01 08:40:00,N_LITE_01,Lite,0.037623,-0.019278,0.042274,0.001935,0.011607,0.097011,0.125423,0.081117,25.0143,2.8391
2026-01-01 08:40:00,N_LITE_02,Lite,0.034825,-0.018906,0.039626,-0.001515,-0.009091,0.040078,0.052483,0.028617,16.2883,0.4285
2026-01-01 08:40:00,N_LITE_03,Lite,0.037093,-0.018956,0.041656,0.000597,0.003582,0.042273,0.059164,0.031413,16.0005,0.536
2026-01-01 08:40:00,N_LITE_04,Lite,0.035039,-0.019159,0.039934,-0.000984,-0.005902,0.044743,0.062886,0.038568,16.5439,0.2738
2026-01-01 08:40:00,N_LITE_05,Lite,0.037085,-0.018247,0.041331,-0.001042,-0.00625,0.053204,0.06306,0.039724,16.1,0.7046
2026-01-01 08:40:00,N_LITE_06,Lite,0.035947,-0.019987,0.04113,0.000435,0.002612,0.051799,0.074171,0.045361,16.944,0.7226
2026-01-01 08:50:00,N_LITE_01,Lite,0.036317,-0.019429,0.041188,-0.001087,-0.00652,0.084762,0.103138,0.073175,24.999,1.4787
2026-01-01 08:50:00,N_LITE_02,Lite,0.035862,-0.018737,0.040462,0.000835,0.005013,0.055206,0.079446,0.043368,14.1394,0.6305
2026-01-01 08:50:00,N_LITE_03,Lite,0.036572,-0.022417,0.042895,0.001239,0.007436,0.065715,0.085313,0.057041,25.3735,3.9101
2026-01-01 08:50:00,N_LITE_04,Lite,0.036941,-0.019502,0.041773,0.001838,0.011029,0.052244,0.066288,0.040807,16.1477,0.7283
2026-01-01 08:50:00,N_LITE_05,Lite,0.034898,-0.018876,0.039675,-0.001656,-0.009935,0.055485,0.07203,0.042482,14.5142,0.3712
2026-01-01 08:50:00,N_LITE_06,Lite,0.034198,-0.019524,0.039379,-0.001751,-0.010508,0.041759,0.0574,0.032662,15.0168,0.386
2026-01-01 09:00:00,N_LITE_01,Lite,0.035871,-0.020389,0.04126,7.3e-05,0.000436,0.072818,0.096569,0.058141,26.8851,1.3628
2026-01-01 09:00:00,N_LITE_02,Lite,0.035115,-0.018543,0.03971,-0.000752,-0.00451,0.049347,0.067175,0.034808,15.4724,0.4742
2026-01-01 09:00:00,N_LITE_03,Lite,0.036052,-0.019487,0.040982,-0.001914,-0.011482,0.076601,0.0996,0.060135,27.8415,1.4619
2026-01-01 09:00:00,N_LITE_04,Lite,0.033193,-0.020978,0.039266,-0.002506,-0.015038,0.053439,0.07385,0.040643,16.1878,0.7955
2026-01-01 09:00:00,N_LITE_05,Lite,0.036104,-0.021037,0.041786,0.002111,0.012664,0.044284,0.051802,0.033242,14.843,0.3625
2026-01-01 09:00:00,N_LITE_06,Lite,0.035356,-0.018746,0.040018,0.000639,0.003835,0.055579,0.074798,0.04539,16.5193,0.2615
2026-01-01 09:10:00,N_LITE_01,Lite,0.035209,-0.020623,0.040804,-0.000456,-0.002735,0.092679,0.130493,0.066394,26.2472,3.1952
2026-01-01 09:10:00,N_LITE_02,Lite,0.036531,-0.018015,0.040732,0.001022,0.006129,0.041855,0.057796,0.036389,14.3442,0.4103
2026-01-01 09:10:00,N_LITE_03,Lite,0.035284,-0.020517,0.040816,-0.000166,-0.000995,0.051875,0.070213,0.044039,16.6496,0.5338
2026-01-01 09:10:00,N_LITE_04,Lite,0.034881,-0.021306,0.040874,0.001608,0.009645,0.04372,0.059528,0.036903,17.2998,0.4196
2026-01-01 09:10:00,N_LITE_05,Lite,0.035026,-0.019386,0.040033,-0.001753,-0.010518,0.041773,0.058192,0.032352,16.0381,0.6814
2026-01-01 09:10:00,N_LITE_06,Lite,0.035079,-0.020135,0.040447,0.000429,0.002576,0.054408,0.071047,0.041365,15.3168,0.6939
2026-01-01 09:20:00,N_LITE_01,Lite,0.03428,-0.019899,0.039637,-0.001168,-0.007005,0.073671,0.090817,0.06016,21.1011,2.3272
2026-01-01 09:20:00,N_LITE_02,Lite,0.037564,-0.020487,0.042787,0.002056,0.012336,0.042314,0.054397,0.029698,15.2548,0.3633
2026-01-01 09:20:00,N_LITE_03,Lite,0.036183,-0.02052,0.041597,0.000781,0.004686,0.057291,0.082614,0.049915,16.559,0.6723
2026-01-01 09:20:00,N_LITE_04,Lite,0.033021,-0.020683,0.038964,-0.00191,-0.011457,0.049281,0.070347,0.038445,15.5218,0.5255
2026-01-01 09:20:00,N_LITE_05,Lite,0.034049,-0.018639,0.038817,-0.001216,-0.007298,0.056519,0.066424,0.049382,15.4163,0.4701
2026-01-01 09:20:00,N_LITE_06,Lite,0.03431,-0.018194,0.038835,-0.001612,-0.009671,0.058758,0.076852,0.041374,15.4292,0.7364
2026-01-01 09:30:00,N_LITE_01,Lite,0.035354,-0.019722,0.040483,0.000846,0.005077,0.043061,0.060221,0.032288,15.7643,0.3362
2026-01-01 09:30:00,N_LITE_02,Lite,0.032838,-0.021347,0.039167,-0.003621,-0.021725,0.051923,0.063223,0.043239,15.221,0.5872
2026-01-01 09:30:00,N_LITE_03,Lite,0.03839,-0.022333,0.044414,0.002817,0.016902,0.053822,0.06535,0.045218,15.7221,0.2541
2026-01-01 09:30:00,N_LITE_04,Lite,0.032961,-0.019848,0.038475,-0.000489,-0.002932,0.050534,0.065109,0.037492,15.6787,0.4258
2026-01-01 09:30:00,N_LITE_05,Lite,0.03605,-0.020829,0.041635,0.002818,0.016906,0.044029,0.062132,0.038149,15.2906,0.4579
2026-01-01 09:30:00,N_LITE_06,Lite,0.033565,-0.01787,0.038025,-0.00081,-0.004859,0.047677,0.067312,0.04102,16.4296,0.7221
2026-01-01 09:40:00,N_LITE_01,Lite,0.035516,-0.020591,0.041053,0.00057,0.003421,0.045829,0.064436,0.038055,14.3927,0.3699
2026-01-01 09:40:00,N_LITE_02,Lite,0.035204,-0.020125,0.04055,0.001383,0.008301,0.042596,0.052172,0.033468,15.847,0.4729
2026-01-01 09:40:00,N_LITE_03,Lite,0.034528,-0.022096,0.040993,-0.003421,-0.020525,0.038321,0.053019,0.029881,15.4657,0.4539
2026-01-01 09:40:00,N_LITE_04,Lite,0.032698,-0.019323,0.037981,-0.000494,-0.002965,0.040968,0.054084,0.029797,15.6725,0.7313
2026-01-01 09:40:00,N_LITE_05,Lite,0.033592,-0.020907,0.039567,-0.002068,-0.012406,0.076814,0.091512,0.064299,23.8413,2.2077
2026-01-01 09:40:00,N_LITE_06,Lite,0.034531,-0.019915,0.039862,0.001836,0.011019,0.05432,0.062609,0.039079,16.5289,0.4042
2026-01-01 09:50:00,N_LITE_01,Lite,0.033628,-0.021336,0.039826,-0.001228,-0.007365,0.058325,0.068537,0.048508,13.5112,0.3528
2026-01-01 09:50:00,N_LITE_02,Lite,0.033703,-0.021381,0.039913,-0.000637,-0.003822,0.045148,0.061891,0.031847,15.3917,0.2111
2026-01-01 09:50:00,N_LITE_03,Lite,0.036797,-0.021932,0.042837,0.001844,0.011067,0.058831,0.072062,0.044519,14.6636,0.3756
2026-01-01 09:50:00,N_LITE_04,Lite,0.033902,-0.020865,0.039808,0.001827,0.010963,0.054086,0.077314,0.044373,14.1232,0.444
2026-01-01 09:50:00,N_LITE_05,Lite,0.032576,-0.020419,0.038447,-0.00112,-0.006722,0.051962,0.060389,0.044625,15.9858,0.2191
2026-01-01 09:50:00,N_LITE_06,Lite,0.035406,-0.021133,0.041233,0.001371,0.008228,0.04966,0.05765,0.041177,15.0978,0.5177
2026-01-01 10:00:00,N_LITE_01,Lite,0.033574,-0.020039,0.039099,-0.000727,-0.00436,0.049657,0.061285,0.040028,14.1849,0.7134
2026-01-01 10:00:00,N_LITE_02,Lite,0.033972,-0.020349,0.039601,-0.000312,-0.001874,0.043103,0.058082,0.037269,15.7788,0.3041
2026-01-01 10:00:00,N_LITE_03,Lite,0.034159,-0.021189,0.040198,-0.00264,-0.015839,0.050413,0.060903,0.037262,16.1443,0.7614
2026-01-01 10:00:00,N_LITE_04,Lite,0.034339,-0.021566,0.040549,0.000741,0.004445,0.047837,0.063624,0.034899,16.0734,0.5351
2026-01-01 10:00:00,N_LITE_05,Lite,0.033944,-0.022542,0.040747,0.002301,0.013804,0.059104,0.07537,0.045428,16.0857,0.6482
2026-01-01 10:00:00,N_LITE_06,Lite,0.032271,-0.020602,0.038286,-0.002947,-0.017681,0.052849,0.075712,0.043429,16.9308,0.2621
2026-01-01 10:10:00,N_LITE_01,Lite,0.033738,-0.020291,0.039369,0.00027,0.001621,0.047321,0.060818,0.041269,15.998,0.5339
2026-01-01 10:10:00,N_LITE_02,Lite,0.033164,-0.020266,0.038866,-0.000735,-0.00441,0.051861,0.073669,0.044737,16.3789,0.2648
2026-01-01 10:10:00,N_LITE_03,Lite,0.035581,-0.022097,0.041884,0.001686,0.010118,0.078123,0.090258,0.064112,22.8933,1.9585
2026-01-01 10:10:00,N_LITE_04,Lite,0.033377,-0.021109,0.039492,-0.001057,-0.006342,0.056093,0.076864,0.041673,14.751,0.6023
2026-01-01 10:10:00,N_LITE_05,Lite,0.032168,-0.020812,0.038314,-0.002434,-0.014601,0.082965,0.113928,0.061841,21.2995,2.056
2026-01-01 10:10:00,N_LITE_06,Lite,0.034073,-0.0194,0.039209,0.000923,0.005536,0.05934,0.080773,0.049476,15.045,0.6396
2026-01-01 10:20:00,N_LITE_01,Lite,0.033253,-0.022733,0.040281,0.000912,0.005472,0.05163,0.066952,0.043975,15.0515,0.6054
2026-01-01 10:20:00,N_LITE_02,Lite,0.032899,-0.020741,0.038892,2.6e-05,0.000155,0.050538,0.06448,0.03658,16.1414,0.2189
2026-01-01 10:20:00,N_LITE_03,Lite,0.035792,-0.02333,0.042724,0.000841,0.005044,0.051303,0.070854,0.036703,15.5951,0.5293
2026-01-01 10:20:00,N_LITE_04,Lite,0.032203,-0.022375,0.039213,-0.000279,-0.001675,0.050367,0.058061,0.039767,14.6807,0.7385
2026-01-01 10:20:00,N_LITE_05,Lite,0.0334,-0.021774,0.039871,0.001557,0.009343,0.045119,0.058236,0.033395,15.6468,0.2527
2026-01-01 10:20:00,N_LITE_06,Lite,0.032091,-0.019831,0.037724,-0.001485,-0.008908,0.056808,0.068448,0.042973,14.8042,0.2412
2026-01-01 10:30:00,N_LITE_01,Lite,0.034234,-0.022817,0.041141,0.000859,0.005155,0.045161,0.055601,0.034536,16.3288,0.2683
2026-01-01 10:30:00,N_LITE_02,Lite,0.031095,-0.02217,0.038189,-0.000703,-0.004217,0.045136,0.05411,0.03473,14.4289,0.4842
2026-01-01 10:30:00,N_LITE_03,Lite,0.03499,-0.023142,0.041951,-0.000774,-0.004642,0.055081,0.070632,0.0477,16.1925,0.7593
2026-01-01 10:30:00,N_LITE_04,Lite,0.032272,-0.022176,0.039157,-5.6e-05,-0.000337,0.050002,0.058948,0.040003,15.537,0.4028
2026-01-01 10:30:00,N_LITE_05,Lite,0.034953,-0.022175,0.041394,0.001523,0.009137,0.079274,0.095599,0.062533,26.6624,2.4477
2026-01-01 10:30:00,N_LITE_06,Lite,0.032913,-0.020222,0.038629,0.000905,0.005428,0.04272,0.05048,0.036779,13.7019,0.4909
2026-01-01 10:40:00,N_LITE_01,Lite,0.035328,-0.021055,0.041126,-1.4e-05,-8.7e-05,0.059177,0.074958,0.048022,14.3872,0.5134
2026-01-01 10:40:00,N_LITE_02,Lite,0.03411,-0.021619,0.040384,0.002196,0.013173,0.054393,0.06943,0.038747,13.8833,0.7498
2026-01-01 10:40:00,N_LITE_03,Lite,0.034546,-0.022369,0.041156,-0.000794,-0.004767,0.05737,0.074678,0.042199,15.3286,0.6335
2026-01-01 10:40:00,N_LITE_04,Lite,0.03152,-0.021973,0.038423,-0.000734,-0.004404,0.05062,0.066383,0.039897,15.2688,0.7315
2026-01-01 10:40:00,N_LITE_05,Lite,0.034164,-0.022919,0.04114,-0.000254,-0.001523,0.056762,0.077295,0.049582,15.664,0.619
2026-01-01 10:40:00,N_LITE_06,Lite,0.031779,-0.021665,0.038461,-0.000167,-0.001004,0.057725,0.068036,0.040606,16.606,0.406
2026-01-01 10:50:00,N_LITE_01,Lite,0.033118,-0.021526,0.039499,-0.001627,-0.009761,0.057127,0.073469,0.048673,15.1267,0.7161
2026-01-01 10:50:00,N_LITE_02,Lite,0.032363,-0.021689,0.038959,-0.001425,-0.008552,0.047244,0.068251,0.03827,16.3493,0.4665
2026-01-01 10:50:00,N_LITE_03,Lite,0.035612,-0.022751,0.042259,0.001103,0.006616,0.054441,0.076337,0.046342,16.3942,0.4365
2026-01-01 10:50:00,N_LITE_04,Lite,0.034213,-0.021425,0.040368,0.001945,0.01167,0.05528,0.068124,0.044394,16.0733,0.7378
2026-01-01 10:50:00,N_LITE_05,Lite,0.033932,-0.022932,0.040954,-0.000186,-0.001114,0.05169,0.061128,0.040391,15.2218,0.216
2026-01-01 10:50:00,N_LITE_06,Lite,0.035315,-0.021639,0.041417,0.002956,0.017735,0.060425,0.069905,0.051061,15.6488,0.7142
2026-01-01 11:00:00,N_LITE_01,Lite,0.032272,-0.021256,0.038643,-0.000856,-0.005139,0.052418,0.065556,0.044237,15.7939,0.3942
2026-01-01 11:00:00,N_LITE_02,Lite,0.033045,-0.021327,0.039329,0.00037,0.002221,0.042559,0.054946,0.030731,15.5703,0.674
2026-01-01 11:00:00,N_LITE_03,Lite,0.033519,-0.021844,0.040009,-0.00225,-0.0135,0.047439,0.054902,0.040735,15.582,0.4636
2026-01-01 11:00:00,N_LITE_04,Lite,0.034145,-0.023366,0.041375,0.001007,0.00604,0.04477,0.05417,0.038346,15.4456,0.561
2026-01-01 11:00:00,N_LITE_05,Lite,0.036949,-0.020798,0.042401,0.001447,0.00868,0.050113,0.061717,0.043463,16.0399,0.6297
2026-01-01 11:00:00,N_LITE_06,Lite,0.033374,-0.022367,0.040176,-0.001241,-0.007448,0.047654,0.060359,0.036542,15.5026,0.249
2026-01-01 11:10:00,N_LITE_01,Lite,0.034086,-0.022767,0.04099,0.002347,0.014082,0.050922,0.065311,0.037054,16.3396,0.7227
2026-01-01 11:10:00,N_LITE_02,Lite,0.034172,-0.021626,0.04044,0.001111,0.006666,0.043014,0.060893,0.035858,16.6173,0.7461
2026-01-01 11:10:00,N_LITE_03,Lite,0.034044,-0.022222,0.040655,0.000646,0.003874,0.085603,0.112777,0.07397,23.3707,2.8986
2026-01-01 11:10:00,N_LITE_04,Lite,0.032857,-0.02045,0.038701,-0.002673,-0.01604,0.091942,0.106221,0.074038,24.406,1.8912
2026-01-01 11:10:00,N_LITE_05,Lite,0.03417,-0.02276,0.041056,-0.001345,-0.008067,0.0395,0.047629,0.0316,14.7309,0.425
2026-01-01 11:10:00,N_LITE_06,Lite,0.0343,-0.021805,0.040644,0.000468,0.002809,0.039416,0.0522,0.030115,13.9472,0.2546
2026-01-01 11:20:00,N_LITE_01,Lite,0.035045,-0.022589,0.041694,0.000704,0.004227,0.043961,0.057247,0.032391,16.054,0.5869
2026-01-01 11:20:00,N_LITE_02,Lite,0.033134,-0.021913,0.039725,-0.000715,-0.004292,0.04133,0.054383,0.035206,15.2365,0.4953
2026-01-01 11:20:00,N_LITE_03,Lite,0.035524,-0.021838,0.0417,0.001045,0.00627,0.050632,0.073367,0.03927,16.4903,0.6914
2026-01-01 11:20:00,N_LITE_04,Lite,0.034882,-0.021191,0.040815,0.002113,0.01268,0.052484,0.074435,0.041309,15.427,0.5297
2026-01-01 11:20:00,N_LITE_05,Lite,0.032425,-0.023467,0.040026,-0.00103,-0.006181,0.05227,0.064127,0.045402,16.1939,0.5119
2026-01-01 11:20:00,N_LITE_06,Lite,0.035442,-0.021711,0.041563,0.000919,0.005516,0.047296,0.059343,0.036205,16.9403,0.635
2026-01-01 11:30:00,N_LITE_01,Lite,0.035723,-0.022251,0.042086,0.000392,0.002351,0.078395,0.096415,0.059973,24.9688,2.8685
2026-01-01 11:30:00,N_LITE_02,Lite,0.034683,-0.020818,0.040451,0.000726,0.004358,0.060535,0.073655,0.048767,22.9224,1.0548
2026-01-01 11:30:00,N_LITE_03,Lite,0.036208,-0.022948,0.042868,0.001168,0.00701,0.045966,0.057275,0.038358,16.5019,0.324
2026-01-01 11:30:00,N_LITE_04,Lite,0.035079,-0.0222,0.041514,0.000699,0.004194,0.033418,0.044432,0.0235,16.2677,0.7356
2026-01-01 11:30:00,N_LITE_05,Lite,0.035147,-0.022596,0.041783,0.001757,0.010544,0.048989,0.061931,0.0354,15.7711,0.4369
2026-01-01 11:30:00,N_LITE_06,Lite,0.03296,-0.022635,0.039984,-0.00158,-0.009477,0.047521,0.063706,0.041082,16.4644,0.4454
2026-01-01 11:40:00,N_LITE_01,Lite,0.037085,-0.023572,0.043942,0.001856,0.011134,0.04686,0.055292,0.036754,16.0318,0.2535
2026-01-01 11:40:00,N_LITE_02,Lite,0.035167,-0.023052,0.042049,0.001598,0.009585,0.056181,0.074997,0.0412,15.5499,0.2565
2026-01-01 11:40:00,N_LITE_03,Lite,0.037788,-0.023007,0.04424,0.001372,0.008235,0.103473,0.126334,0.076976,21.5919,2.4937
2026-01-01 11:40:00,N_LITE_04,Lite,0.033044,-0.021638,0.039498,-0.002016,-0.012095,0.051561,0.063704,0.042669,16.1736,0.5944
2026-01-01 11:40:00,N_LITE_05,Lite,0.034054,-0.021641,0.040349,-0.001435,-0.008608,0.04904,0.05869,0.041969,16.148,0.2435
2026-01-01 11:40:00,N_LITE_06,Lite,0.033423,-0.020806,0.03937,-0.000614,-0.003681,0.049064,0.064348,0.035196,16.0913,0.5655
2026-01-01 11:50:00,N_LITE_01,Lite,0.036087,-0.023928,0.043299,-0.000642,-0.003855,0.042225,0.053198,0.029874,15.4058,0.3659
2026-01-01 11:50:00,N_LITE_02,Lite,0.034356,-0.020767,0.040145,-0.001904,-0.011423,0.055828,0.065404,0.047369,14.9088,0.6239
2026-01-01 11:50:00,N_LITE_03,Lite,0.037297,-0.023554,0.044111,-0.000129,-0.000775,0.063818,0.0778,0.052874,15.7436,0.6237
2026-01-01 11:50:00,N_LITE_04,Lite,0.034026,-0.020171,0.039555,5.7e-05,0.000345,0.045193,0.061054,0.037929,16.6213,0.3907
2026-01-01 11:50:00,N_LITE_05,Lite,0.035821,-0.023156,0.042653,0.002305,0.013828,0.048695,0.059032,0.038651,15.7364,0.4739
2026-01-01 11:50:00,N_LITE_06,Lite,0.032699,-0.021,0.038861,-0.000509,-0.003054,0.055762,0.071948,0.048586,16.2065,0.4061
2026-01-01 12:00:00,N_LITE_01,Lite,0.037288,-0.022766,0.043688,0.000389,0.002334,0.052565,0.062121,0.039587,16.9493,0.2061
2026-01-01 12:00:00,N_LITE_02,Lite,0.034721,-0.021077,0.040618,0.000473,0.002837,0.044161,0.051315,0.031052,16.1401,0.3594
2026-01-01 12:00:00,N_LITE_03,Lite,0.037935,-0.023387,0.044565,0.000453,0.002721,0.056331,0.078384,0.045564,29.1941,2.8518
2026-01-01 12:00:00,N_LITE_04,Lite,0.035357,-0.021403,0.041331,0.001775,0.010652,0.066552,0.082405,0.055145,26.1206,2.8666
2026-01-01 12:00:00,N_LITE_05,Lite,0.037092,-0.021759,0.043003,0.00035,0.002099,0.073809,0.097393,0.063655,25.459,3.1312
2026-01-01 12:00:00,N_LITE_06,Lite,0.036352,-0.021558,0.042264,0.003402,0.020413,0.052697,0.073173,0.046152,16.0899,0.6305
2026-01-01 12:10:00,N_LITE_01,Lite,0.037157,-0.023238,0.043825,0.000137,0.000822,0.050756,0.065324,0.042713,16.3658,0.7061
2026-01-01 12:10:00,N_LITE_02,Lite,0.037357,-0.01976,0.042261,0.001643,0.00986,0.048104,0.055904,0.04185,16.9032,0.5687
2026-01-01 12:10:00,N_LITE_03,Lite,0.037624,-0.022393,0.043784,-0.000781,-0.004684,0.052925,0.065364,0.041657,16.4146,0.7371
2026-01-01 12:10:00,N_LITE_04,Lite,0.034724,-0.020204,0.040174,-0.001156,-0.006937,0.056991,0.076452,0.048374,16.6404,0.7767
2026-01-01 12:10:00,N_LITE_05,Lite,0.035711,-0.021712,0.041794,-0.001209,-0.007256,0.089509,0.104278,0.069274,23.0073,1.612
2026-01-01 12:10:00,N_LITE_06,Lite,0.036923,-0.022186,0.043075,0.000812,0.004871,0.049712,0.067268,0.04041,15.9064,0.336
2026-01-01 12:20:00,N_LITE_01,Lite,0.038323,-0.021737,0.044059,0.000233,0.0014,0.048577,0.056216,0.036643,16.7552,0.4239
2026-01-01 12:20:00,N_LITE_02,Lite,0.036214,-0.020253,0.041493,-0.000769,-0.004611,0.087151,0.119611,0.061553,21.5786,1.4143
2026-01-01 12:20:00,N_LITE_03,Lite,0.039892,-0.024297,0.046709,0.002924,0.017547,0.047941,0.063526,0.040747,17.566,0.7336
2026-01-01 12:20:00,N_LITE_04,Lite,0.035036,-0.020156,0.04042,0.000246,0.001474,0.045622,0.065016,0.037395,15.8704,0.6116
2026-01-01 12:20:00,N_LITE_05,Lite,0.03697,-0.022044,0.043043,0.001249,0.007496,0.039313,0.05565,0.030879,17.2082,0.6186
2026-01-01 12:20:00,N_LITE_06,Lite,0.036905,-0.020795,0.04236,-0.000715,-0.00429,0.080982,0.102167,0.05706,23.1338,3.5192
2026-01-01 12:30:00,N_LITE_01,Lite,0.038949,-0.022624,0.045043,0.000985,0.005907,0.042896,0.055631,0.03264,17.1355,0.6809
2026-01-01 12:30:00,N_LITE_02,Lite,0.035292,-0.021437,0.041293,-0.0002,-0.001199,0.054685,0.065153,0.047136,18.4589,0.556
2026-01-01 12:30:00,N_LITE_03,Lite,0.038254,-0.022744,0.044505,-0.002204,-0.013222,0.039827,0.053348,0.029133,16.3127,0.7126
2026-01-01 12:30:00,N_LITE_04,Lite,0.036185,-0.020936,0.041805,0.001385,0.008311,0.055863,0.080678,0.043886,23.6818,1.6671
2026-01-01 12:30:00,N_LITE_05,Lite,0.038796,-0.021201,0.044211,0.001167,0.007004,0.049947,0.062187,0.035766,17.4064,0.6081
2026-01-01 12:30:00,N_LITE_06,Lite,0.037275,-0.019307,0.041978,-0.000383,-0.002295,0.070962,0.083419,0.060187,22.4613,3.9206
2026-01-01 12:40:00,N_LITE_01,Lite,0.035069,-0.020797,0.040772,-0.004271,-0.025626,0.062465,0.077261,0.048072,23.2549,1.8765
2026-01-01 12:40:00,N_LITE_02,Lite,0.034892,-0.023461,0.042046,0.000753,0.00452,0.033415,0.042276,0.027512,17.6279,0.5793
2026-01-01 12:40:00,N_LITE_03,Lite,0.040178,-0.021451,0.045546,0.001041,0.006246,0.042075,0.055211,0.030184,16.9863,0.6088
2026-01-01 12:40:00,N_LITE_04,Lite,0.036832,-0.021181,0.042488,0.000683,0.004098,0.048277,0.064834,0.037086,17.9989,0.311
2026-01-01 12:40:00,N_LITE_05,Lite,0.037599,-0.020355,0.042755,-0.001455,-0.008732,0.074424,0.097388,0.056031,22.8427,3.145
2026-01-01 12:40:00,N_LITE_06,Lite,0.036465,-0.020398,0.041782,-0.000195,-0.001173,0.079471,0.104347,0.067123,27.323,3.8218
2026-01-01 12:50:00,N_LITE_01,Lite,0.038397,-0.022661,0.044585,0.003813,0.022879,0.037533,0.043799,0.027894,17.1612,0.2038
2026-01-01 12:50:00,N_LITE_02,Lite,0.03717,-0.01997,0.042195,0.000149,0.000894,0.069366,0.097088,0.053517,23.7695,1.1234
2026-01-01 12:50:00,N_LITE_03,Lite,0.035954,-0.020475,0.041375,-0.004171,-0.025025,0.032966,0.044022,0.02428,17.0123,0.5422
2026-01-01 12:50:00,N_LITE_04,Lite,0.036455,-0.018911,0.041068,-0.00142,-0.008522,0.059129,0.073552,0.049644,22.2536,1.2868
2026-01-01 12:50:00,N_LITE_05,Lite,0.037794,-0.021473,0.043468,0.000713,0.004278,0.054937,0.064863,0.044327,17.018,0.2181
2026-01-01 12:50:00,N_LITE_06,Lite,0.03704,-0.018686,0.041487,-0.000295,-0.001773,0.049251,0.056759,0.041528,17.4545,0.2844
2026-01-01 13:00:00,N_LITE_01,Lite,0.039155,-0.021218,0.044534,-5.1e-05,-0.000306,0.050313,0.058771,0.043248,16.9743,0.5108
2026-01-01 13:00:00,N_LITE_02,Lite,0.037209,-0.021503,0.042976,0.000781,0.004686,0.052536,0.065799,0.040896,17.1745,0.7013
2026-01-01 13:00:00,N_LITE_03,Lite,0.039552,-0.022225,0.045368,0.003993,0.023961,0.041476,0.056136,0.035914,16.6679,0.4687
2026-01-01 13:00:00,N_LITE_04,Lite,0.035287,-0.02018,0.04065,-0.000418,-0.002509,0.038011,0.048412,0.032813,17.8533,0.5678
2026-01-01 13:00:00,N_LITE_05,Lite,0.037455,-0.021474,0.043174,-0.000294,-0.001764,0.033742,0.043435,0.027989,16.594,0.6587
2026-01-01 13:00:00,N_LITE_06,Lite,0.0362,-0.021177,0.041939,0.000453,0.002716,0.043168,0.054566,0.032833,17.0658,0.6276
2026-01-01 13:10:00,N_LITE_01,Lite,0.038615,-0.019647,0.043326,-0.001209,-0.007251,0.061437,0.073168,0.047524,29.616,3.085
2026-01-01 13:10:00,N_LITE_02,Lite,0.037686,-0.019099,0.042249,-0.000727,-0.004362,0.031563,0.045581,0.023006,17.5468,0.5515
2026-01-01 13:10:00,N_LITE_03,Lite,0.039458,-0.023598,0.045976,0.000607,0.003644,0.073478,0.089982,0.058504,25.933,3.9861
2026-01-01 13:10:00,N_LITE_04,Lite,0.036485,-0.019884,0.041552,0.000902,0.005412,0.075202,0.107127,0.063011,24.4898,2.1316
2026-01-01 13:10:00,N_LITE_05,Lite,0.038552,-0.021307,0.044048,0.000874,0.005241,0.041678,0.049366,0.030365,17.5806,0.2061
2026-01-01 13:10:00,N_LITE_06,Lite,0.038117,-0.020046,0.043067,0.001128,0.006766,0.040638,0.049439,0.028568,16.9319,0.2984
2026-01-01 13:20:00,N_LITE_01,Lite,0.040155,-0.019682,0.044719,0.001393,0.008358,0.089334,0.107905,0.069962,26.2708,3.4443
2026-01-01 13:20:00,N_LITE_02,Lite,0.03592,-0.020808,0.041512,-0.000737,-0.004422,0.044035,0.05181,0.031308,19.1737,0.6334
2026-01-01 13:20:00,N_LITE_03,Lite,0.040127,-0.023138,0.04632,0.000344,0.002064,0.064057,0.083355,0.054412,27.04,2.5812
2026-01-01 13:20:00,N_LITE_04,Lite,0.035813,-0.020362,0.041197,-0.000355,-0.002128,0.050019,0.061051,0.036023,23.5696,1.9402
2026-01-01 13:20:00,N_LITE_05,Lite,0.036275,-0.020587,0.04171,-0.002337,-0.014025,0.041026,0.054506,0.031765,18.8292,0.4621
2026-01-01 13:20:00,N_LITE_06,Lite,0.038335,-0.019397,0.042963,-0.000104,-0.000625,0.047506,0.060267,0.038919,17.0467,0.6693
2026-01-01 13:30:00,N_LITE_01,Lite,0.039375,-0.020306,0.044303,-0.000416,-0.002498,0.040712,0.054087,0.030908,18.9445,0.7935
2026-01-01 13:30:00,N_LITE_02,Lite,0.03799,-0.019801,0.04284,0.001328,0.00797,0.037307,0.042977,0.028945,18.4339,0.2431
2026-01-01 13:30:00,N_LITE_03,Lite,0.037819,-0.02141,0.043459,-0.002861,-0.017164,0.047461,0.055195,0.036443,18.3964,0.2558
2026-01-01 13:30:00,N_LITE_04,Lite,0.037545,-0.020403,0.042731,0.001534,0.009202,0.031123,0.038165,0.025071,16.6997,0.7995
2026-01-01 13:30:00,N_LITE_05,Lite,0.03794,-0.01904,0.042449,0.000739,0.004434,0.036338,0.046465,0.031162,19.2173,0.6235
2026-01-01 13:30:00,N_LITE_06,Lite,0.035909,-0.019207,0.040723,-0.00224,-0.013437,0.036188,0.050113,0.029028,18.0412,0.7207
2026-01-01 13:40:00,N_LITE_01,Lite,0.039919,-0.021586,0.045381,0.001079,0.006473,0.044286,0.05531,0.038065,19.3766,0.4647
2026-01-01 13:40:00,N_LITE_02,Lite,0.036823,-0.018589,0.041249,-0.001591,-0.009548,0.033769,0.040287,0.024312,17.9519,0.3804
2026-01-01 13:40:00,N_LITE_03,Lite,0.038666,-0.022414,0.044693,0.001234,0.007402,0.0433,0.050737,0.038005,19.5794,0.4404
2026-01-01 13:40:00,N_LITE_04,Lite,0.037549,-0.021007,0.043026,0.000295,0.001769,0.066375,0.094644,0.052528,24.7855,2.9398
2026-01-01 13:40:00,N_LITE_05,Lite,0.039421,-0.020422,0.044397,0.001948,0.011687,0.040573,0.050469,0.033289,18.6657,0.7961
2026-01-01 13:40:00,N_LITE_06,Lite,0.038082,-0.020553,0.043275,0.002551,0.015309,0.029114,0.037359,0.0219,19.2394,0.5756
2026-01-01 13:50:00,N_LITE_01,Lite,0.038523,-0.020095,0.04345,-0.001932,-0.011592,0.04719,0.06458,0.038148,17.4159,0.681
2026-01-01 13:50:00,N_LITE_02,Lite,0.037393,-0.01976,0.042292,0.001044,0.006261,0.023336,0.029164,0.017451,16.7157,0.4605
