timestamp,node_id,node_tier,tilt_x_deg,tilt_y_deg,tilt_magnitude_deg,tilt_change_deg,tilt_rate_deg_per_time,acceleration_mps2,peak_acceleration_mps2,rms_acceleration_mps2,dominant_frequency_hz,vibration_duration_s,displacement_mm,displacement_change_mm,displacement_rate_mm_per_time,cumulative_displacement_mm,crack_detected,crack_opening_mm,crack_opening_change_mm,crack_growth_rate_mm_per_time
2026-01-01 00:00:00,N_FULL_01,Full,0.034964,-0.018188,0.039411,0.0,0.0,0.043113,0.058462,0.033681,18.0559,0.4675,0.0828,0.0,0.0,0.0828,0,0.0019,0.0,0.0
2026-01-01 00:00:00,N_FULL_02,Full,0.035384,-0.01747,0.039462,0.0,0.0,0.055822,0.072986,0.04789,18.1511,0.2048,0.0034,0.0,0.0,0.0034,0,0.0,0.0,0.0
2026-01-01 00:00:00,N_FULL_03,Full,0.033824,-0.018706,0.038652,0.0,0.0,0.050661,0.065766,0.042946,18.0553,0.3527,0.0,0.0,0.0,0.0,0,0.0,0.0,0.0
2026-01-01 00:00:00,N_FULL_04,Full,0.035249,-0.019482,0.040274,0.0,0.0,0.040292,0.049242,0.032501,16.7227,0.3886,0.0037,0.0,0.0,0.0037,0,0.0,0.0,0.0
2026-01-01 00:00:00,N_FULL_05,Full,0.034318,-0.019378,0.039411,0.0,0.0,0.047346,0.061717,0.039553,17.9816,0.2456,0.0,0.0,0.0,0.0,0,0.0013,0.0,0.0
2026-01-01 00:00:00,N_FULL_06,Full,0.037735,-0.018249,0.041916,0.0,0.0,0.054099,0.0709,0.044485,17.6611,0.2729,0.0,0.0,0.0,0.0,0,0.0008,0.0,0.0
2026-01-01 00:10:00,N_FULL_01,Full,0.037263,-0.018625,0.041658,0.002247,0.013483,0.09212,0.110989,0.075969,28.9509,2.9546,0.0,-0.0828,-0.4965,0.0828,0,0.0,0.0,0.0
2026-01-01 00:10:00,N_FULL_02,Full,0.03284,-0.01865,0.037767,-0.001695,-0.01017,0.045287,0.057445,0.035028,19.449,0.2028,0.0094,0.006,0.036,0.0094,0,0.0003,0.0,0.0
2026-01-01 00:10:00,N_FULL_03,Full,0.036235,-0.017837,0.040387,0.001735,0.010413,0.048424,0.059384,0.042053,18.5698,0.6026,0.0,0.0,0.0,0.0,0,0.0025,0.0,0.0
2026-01-01 00:10:00,N_FULL_04,Full,0.035539,-0.018014,0.039844,-0.000431,-0.002584,0.044268,0.053251,0.03539,16.9884,0.79,0.0495,0.0458,0.2751,0.0495,0,0.0015,0.0,0.0
2026-01-01 00:10:00,N_FULL_05,Full,0.034114,-0.017972,0.038558,-0.000853,-0.005117,0.047879,0.066803,0.041964,18.6895,0.5495,0.0788,0.0788,0.4728,0.0788,0,0.0031,0.0,0.0
2026-01-01 00:10:00,N_FULL_06,Full,0.034501,-0.017476,0.038674,-0.003242,-0.01945,0.040615,0.055071,0.033376,17.2409,0.4439,0.0454,0.0454,0.2722,0.0454,0,0.0016,0.0,0.0
2026-01-01 00:20:00,N_FULL_01,Full,0.036903,-0.018906,0.041464,-0.000194,-0.001164,0.050667,0.072507,0.038969,19.4897,0.3379,0.0,0.0,0.0,0.0828,0,0.0,0.0,0.0
2026-01-01 00:20:00,N_FULL_02,Full,0.03514,-0.019291,0.040087,0.00232,0.013922,0.053054,0.068441,0.039448,17.3258,0.3056,0.0503,0.0409,0.2452,0.0503,0,0.0012,0.0,0.0
2026-01-01 00:20:00,N_FULL_03,Full,0.03523,-0.017654,0.039406,-0.000982,-0.00589,0.047484,0.055282,0.033616,19.3753,0.2656,0.0401,0.0401,0.2408,0.0401,0,0.0037,0.0,0.0
2026-01-01 00:20:00,N_FULL_04,Full,0.036664,-0.0204,0.041957,0.002113,0.012681,0.04937,0.060787,0.039433,18.3794,0.3486,0.0,-0.0495,-0.2972,0.0495,0,0.0009,0.0,0.0
2026-01-01 00:20:00,N_FULL_05,Full,0.038494,-0.018522,0.042719,0.00416,0.024963,0.040501,0.052354,0.029607,18.353,0.6644,0.1235,0.0447,0.2684,0.1235,0,0.0,0.0,0.0
2026-01-01 00:20:00,N_FULL_06,Full,0.035082,-0.017418,0.039168,0.000494,0.002962,0.037487,0.051607,0.03244,18.7024,0.2705,0.0,-0.0454,-0.2722,0.0454,0,0.0021,0.0,0.0
2026-01-01 00:30:00,N_FULL_01,Full,0.035512,-0.018037,0.03983,-0.001634,-0.009804,0.041687,0.050931,0.035,19.1609,0.4691,0.0,0.0,0.0,0.0828,0,0.0018,0.0,0.0
2026-01-01 00:30:00,N_FULL_02,Full,0.035198,-0.019955,0.040461,0.000374,0.002242,0.052674,0.068139,0.045689,16.9163,0.7603,0.0,-0.0503,-0.3018,0.0503,0,0.0,0.0,0.0
2026-01-01 00:30:00,N_FULL_03,Full,0.035247,-0.019117,0.040098,0.000692,0.004154,0.057274,0.078485,0.040123,17.6443,0.2025,0.1657,0.1256,0.7537,0.1657,0,0.002,0.0,0.0
2026-01-01 00:30:00,N_FULL_04,Full,0.034945,-0.018022,0.039318,-0.002639,-0.015832,0.046655,0.063898,0.0384,19.3963,0.2759,0.0628,0.0628,0.3771,0.0628,0,0.0,0.0,0.0
2026-01-01 00:30:00,N_FULL_05,Full,0.037141,-0.019565,0.041979,-0.00074,-0.004438,0.040101,0.055312,0.030269,17.3903,0.7477,0.0,-0.1235,-0.7413,0.1235,0,0.0014,0.0,0.0
2026-01-01 00:30:00,N_FULL_06,Full,0.03695,-0.019323,0.041697,0.00253,0.015177,0.036177,0.045309,0.027964,16.4632,0.6643,0.0,0.0,0.0,0.0454,0,0.0027,0.0,0.0
2026-01-01 00:40:00,N_FULL_01,Full,0.032643,-0.018107,0.037329,-0.002502,-0.01501,0.052151,0.061301,0.045756,17.3976,0.5697,0.0037,0.0037,0.022,0.0828,0,0.0,0.0,0.0
2026-01-01 00:40:00,N_FULL_02,Full,0.037792,-0.018753,0.04219,0.001729,0.010374,0.040748,0.050185,0.034654,18.8548,0.7434,0.0139,0.0139,0.0832,0.0503,0,0.0,0.0,0.0
2026-01-01 00:40:00,N_FULL_03,Full,0.035722,-0.019533,0.040714,0.000616,0.003697,0.040461,0.058634,0.030371,18.4149,0.3636,0.0268,-0.139,-0.834,0.1657,0,0.0007,0.0,0.0
2026-01-01 00:40:00,N_FULL_04,Full,0.035262,-0.018321,0.039738,0.000419,0.002515,0.044004,0.056783,0.038631,19.562,0.3591,0.0,-0.0628,-0.3771,0.0628,0,0.0,0.0,0.0
2026-01-01 00:40:00,N_FULL_05,Full,0.036482,-0.01779,0.040589,-0.00139,-0.008341,0.050048,0.07231,0.03759,18.6091,0.333,0.0417,0.0417,0.2501,0.1235,0,0.0022,0.0,0.0
2026-01-01 00:40:00,N_FULL_06,Full,0.037657,-0.018598,0.042,0.000302,0.001812,0.043245,0.062527,0.03131,19.0664,0.4619,0.0,0.0,0.0,0.0454,0,0.0,0.0,0.0
2026-01-01 00:50:00,N_FULL_01,Full,0.036835,-0.018143,0.041061,0.003732,0.022391,0.057238,0.078527,0.048402,19.1092,0.3754,0.0483,0.0446,0.2676,0.0828,0,0.0,0.0,0.0
2026-01-01 00:50:00,N_FULL_02,Full,0.035023,-0.017875,0.039321,-0.002869,-0.017212,0.043864,0.061277,0.036307,17.3129,0.7362,0.0412,0.0274,0.1642,0.0503,0,0.0,0.0,0.0
2026-01-01 00:50:00,N_FULL_03,Full,0.036044,-0.01972,0.041086,0.000372,0.002233,0.044198,0.055255,0.038756,18.7758,0.7891,0.0,-0.0268,-0.1605,0.1657,0,0.0,0.0,0.0
2026-01-01 00:50:00,N_FULL_04,Full,0.037238,-0.01854,0.041599,0.001861,0.011166,0.045705,0.063912,0.033103,19.2091,0.6869,0.0478,0.0478,0.2866,0.0628,0,0.0026,0.0,0.0
2026-01-01 00:50:00,N_FULL_05,Full,0.036464,-0.019332,0.041271,0.000683,0.004095,0.049402,0.070602,0.038353,19.015,0.6552,0.0,-0.0417,-0.2501,0.1235,0,0.0006,0.0,0.0
2026-01-01 00:50:00,N_FULL_06,Full,0.035389,-0.018303,0.039842,-0.002158,-0.012946,0.040447,0.054462,0.035415,18.5515,0.5731,0.1672,0.1672,1.0032,0.1672,0,0.0,0.0,0.0
2026-01-01 01:00:00,N_FULL_01,Full,0.037097,-0.019788,0.042045,0.000984,0.005906,0.046328,0.055565,0.034569,17.1315,0.5327,0.0775,0.0292,0.1753,0.0828,0,0.0013,0.0,0.0
2026-01-01 01:00:00,N_FULL_02,Full,0.036321,-0.017851,0.040471,0.00115,0.006898,0.049586,0.064965,0.0419,18.1421,0.6084,0.0044,-0.0368,-0.2207,0.0503,0,0.0,0.0,0.0
2026-01-01 01:00:00,N_FULL_03,Full,0.037344,-0.02025,0.042481,0.001395,0.00837,0.039331,0.049337,0.033156,18.4596,0.5331,0.0,0.0,0.0,0.1657,0,0.0004,0.0,0.0
2026-01-01 01:00:00,N_FULL_04,Full,0.035305,-0.018801,0.039999,-0.001599,-0.009596,0.052614,0.065132,0.038013,18.0058,0.482,0.0,-0.0478,-0.2866,0.0628,0,0.0014,0.0,0.0
2026-01-01 01:00:00,N_FULL_05,Full,0.036829,-0.020382,0.042093,0.000822,0.004929,0.056234,0.081001,0.045053,20.697,0.3074,0.0894,0.0894,0.5365,0.1235,0,0.0,0.0,0.0
2026-01-01 01:00:00,N_FULL_06,Full,0.035432,-0.018412,0.03993,8.8e-05,0.000529,0.049259,0.05804,0.042673,20.5646,0.3788,0.0591,-0.1081,-0.6487,0.1672,0,0.0,0.0,0.0
2026-01-01 01:10:00,N_FULL_01,Full,0.036622,-0.01837,0.040971,-0.001074,-0.006444,0.057107,0.081821,0.049669,19.3025,0.5976,0.0,-0.0775,-0.4649,0.0828,0,0.0,0.0,0.0
2026-01-01 01:10:00,N_FULL_02,Full,0.03755,-0.019716,0.042411,0.001941,0.011645,0.052039,0.069198,0.045555,20.1179,0.7588,0.1133,0.1088,0.653,0.1133,0,0.0001,0.0,0.0
2026-01-01 01:10:00,N_FULL_03,Full,0.037716,-0.018916,0.042194,-0.000287,-0.001723,0.051002,0.071528,0.044266,18.7347,0.4402,0.0497,0.0497,0.2984,0.1657,0,0.0,0.0,0.0
2026-01-01 01:10:00,N_FULL_04,Full,0.035286,-0.018288,0.039744,-0.000256,-0.001534,0.057844,0.073343,0.042864,18.6178,0.3313,0.1309,0.1309,0.7854,0.1309,0,0.0005,0.0,0.0
2026-01-01 01:10:00,N_FULL_05,Full,0.038179,-0.018035,0.042224,0.000131,0.000787,0.047289,0.056195,0.037396,19.6088,0.5217,0.0,-0.0894,-0.5365,0.1235,0,0.0015,0.0,0.0
2026-01-01 01:10:00,N_FULL_06,Full,0.035348,-0.01834,0.039822,-0.000108,-0.000646,0.055848,0.070406,0.043491,19.1911,0.2411,0.1004,0.0413,0.2478,0.1672,0,0.0004,0.0,0.0
2026-01-01 01:20:00,N_FULL_01,Full,0.036708,-0.0172,0.040538,-0.000433,-0.002599,0.053696,0.066991,0.045885,18.5583,0.7329,0.1093,0.1093,0.6556,0.1093,0,0.0,0.0,0.0
2026-01-01 01:20:00,N_FULL_02,Full,0.03617,-0.019465,0.041075,-0.001336,-0.008017,0.047083,0.056536,0.037778,19.6485,0.401,0.087,-0.0263,-0.1578,0.1133,0,0.004,0.0,0.0
2026-01-01 01:20:00,N_FULL_03,Full,0.038186,-0.020841,0.043503,0.001309,0.007853,0.053454,0.069157,0.040576,18.945,0.2709,0.0018,-0.0479,-0.2874,0.1657,0,0.0,0.0,0.0
2026-01-01 01:20:00,N_FULL_04,Full,0.036222,-0.020236,0.041492,0.001748,0.01049,0.049496,0.069262,0.035153,19.7913,0.2381,0.0,-0.1309,-0.7854,0.1309,0,0.0037,0.0,0.0
2026-01-01 01:20:00,N_FULL_05,Full,0.036638,-0.020179,0.041827,-0.000397,-0.002382,0.049731,0.070741,0.038426,20.4633,0.7713,0.0439,0.0439,0.2636,0.1235,0,0.0,0.0,0.0
2026-01-01 01:20:00,N_FULL_06,Full,0.036184,-0.018736,0.040746,0.000924,0.005544,0.057455,0.076703,0.045983,19.8275,0.6956,0.2374,0.137,0.8221,0.2374,0,0.0,0.0,0.0
2026-01-01 01:30:00,N_FULL_01,Full,0.035986,-0.020043,0.041191,0.000653,0.00392,0.050311,0.058729,0.042748,20.8107,0.4683,0.0,-0.1093,-0.6556,0.1093,0,0.0,0.0,0.0
2026-01-01 01:30:00,N_FULL_02,Full,0.036095,-0.020264,0.041394,0.000319,0.001914,0.052722,0.065236,0.046028,19.516,0.7595,0.1786,0.0916,0.5498,0.1786,0,0.0,0.0,0.0
2026-01-01 01:30:00,N_FULL_03,Full,0.037769,-0.018254,0.041949,-0.001554,-0.009323,0.047845,0.066749,0.039921,20.0859,0.6582,0.0974,0.0955,0.5731,0.1657,0,0.0005,0.0,0.0
2026-01-01 01:30:00,N_FULL_04,Full,0.037742,-0.019511,0.042487,0.000995,0.005969,0.049541,0.065781,0.039471,19.7246,0.3223,0.0288,0.0288,0.1726,0.1309,0,0.0,0.0,0.0
2026-01-01 01:30:00,N_FULL_05,Full,0.037948,-0.018552,0.04224,0.000413,0.002477,0.046597,0.054815,0.033484,18.3006,0.7324,0.0519,0.0079,0.0476,0.1235,0,0.0025,0.0,0.0
2026-01-01 01:30:00,N_FULL_06,Full,0.038335,-0.020471,0.043458,0.002712,0.016271,0.049991,0.064483,0.036652,19.6379,0.3246,0.0393,-0.1981,-1.1886,0.2374,0,0.0017,0.0,0.0
2026-01-01 01:40:00,N_FULL_01,Full,0.037056,-0.020569,0.042382,0.001191,0.007144,0.106924,0.14497,0.089575,31.1703,1.611,0.1178,0.1178,0.707,0.1178,0,0.0014,0.0,0.0
2026-01-01 01:40:00,N_FULL_02,Full,0.036205,-0.019996,0.04136,-3.4e-05,-0.000203,0.048972,0.068924,0.039392,19.5076,0.4389,0.1075,-0.0711,-0.4266,0.1786,0,0.0,0.0,0.0
2026-01-01 01:40:00,N_FULL_03,Full,0.034407,-0.018951,0.039281,-0.002668,-0.01601,0.055851,0.066634,0.046468,20.1866,0.655,0.0,-0.0974,-0.5841,0.1657,0,0.0016,0.0,0.0
2026-01-01 01:40:00,N_FULL_04,Full,0.037835,-0.019726,0.042668,0.000182,0.00109,0.056709,0.06616,0.04925,18.7405,0.6574,0.0625,0.0337,0.2023,0.1309,0,0.0015,0.0,0.0
2026-01-01 01:40:00,N_FULL_05,Full,0.038191,-0.020929,0.04355,0.00131,0.00786,0.056128,0.078684,0.048086,20.3703,0.7583,0.0,-0.0519,-0.3112,0.1235,0,0.0007,0.0,0.0
2026-01-01 01:40:00,N_FULL_06,Full,0.036744,-0.019673,0.04168,-0.001779,-0.010672,0.049617,0.071237,0.037326,19.4225,0.5878,0.0809,0.0416,0.2495,0.2374,0,0.0005,0.0,0.0
2026-01-01 01:50:00,N_FULL_01,Full,0.036027,-0.019974,0.041193,-0.001188,-0.007131,0.060241,0.070905,0.047802,19.1923,0.789,0.1423,0.0244,0.1466,0.1423,0,0.0,0.0,0.0
2026-01-01 01:50:00,N_FULL_02,Full,0.037858,-0.020933,0.04326,0.0019,0.011399,0.049388,0.057712,0.038523,20.1086,0.6434,0.0,-0.1075,-0.6451,0.1786,0,0.0012,0.0,0.0
2026-01-01 01:50:00,N_FULL_03,Full,0.035399,-0.020145,0.04073,0.001449,0.008695,0.047759,0.067312,0.040396,20.1642,0.5441,0.0736,0.0736,0.4415,0.1657,0,0.0,0.0,0.0
2026-01-01 01:50:00,N_FULL_04,Full,0.036023,-0.018566,0.040527,-0.002142,-0.01285,0.051593,0.07323,0.036637,20.3349,0.7485,0.2056,0.1431,0.8586,0.2056,0,0.0032,0.0,0.0
2026-01-01 01:50:00,N_FULL_05,Full,0.035999,-0.020641,0.041496,-0.002053,-0.012321,0.053654,0.077415,0.041271,19.3834,0.773,0.0,0.0,0.0,0.1235,0,0.0,0.0,0.0
2026-01-01 01:50:00,N_FULL_06,Full,0.035331,-0.018428,0.039848,-0.001832,-0.01099,0.081127,0.11569,0.070056,26.9566,2.7562,0.132,0.0511,0.3066,0.2374,0,0.0011,0.0,0.0
2026-01-01 02:00:00,N_FULL_01,Full,0.038401,-0.020543,0.043551,0.002358,0.014147,0.058184,0.07024,0.04575,20.8118,0.2529,0.0772,-0.0651,-0.3903,0.1423,0,0.0,0.0,0.0
2026-01-01 02:00:00,N_FULL_02,Full,0.037433,-0.020659,0.042755,-0.000505,-0.003029,0.044985,0.054851,0.035393,20.2245,0.2017,0.0,0.0,0.0,0.1786,0,0.0,0.0,0.0
2026-01-01 02:00:00,N_FULL_03,Full,0.035873,-0.020503,0.041319,0.000589,0.003533,0.044181,0.0632,0.036885,20.3504,0.6588,0.0215,-0.0521,-0.3125,0.1657,0,0.0004,0.0,0.0
2026-01-01 02:00:00,N_FULL_04,Full,0.035723,-0.021346,0.041615,0.001089,0.006531,0.051179,0.068605,0.044739,19.5029,0.2524,0.186,-0.0196,-0.1175,0.2056,0,0.0,0.0,0.0
2026-01-01 02:00:00,N_FULL_05,Full,0.03608,-0.019823,0.041167,-0.000329,-0.001976,0.049848,0.064151,0.037422,20.5896,0.3064,0.0,0.0,0.0,0.1235,0,0.0012,0.0,0.0
2026-01-01 02:00:00,N_FULL_06,Full,0.036191,-0.019756,0.041232,0.001384,0.008306,0.055941,0.080094,0.043858,19.8125,0.4516,0.2047,0.0728,0.4366,0.2374,0,0.0,0.0,0.0
2026-01-01 02:10:00,N_FULL_01,Full,0.036501,-0.020081,0.04166,-0.001891,-0.011346,0.056248,0.069358,0.043233,20.6803,0.6079,0.2253,0.1481,0.8886,0.2253,0,0.0003,0.0,0.0
2026-01-01 02:10:00,N_FULL_02,Full,0.036248,-0.018339,0.040623,-0.002132,-0.012792,0.049861,0.057553,0.037512,20.2752,0.5691,0.1022,0.1022,0.6135,0.1786,0,0.0012,0.0,0.0
2026-01-01 02:10:00,N_FULL_03,Full,0.035938,-0.02102,0.041634,0.000315,0.00189,0.039669,0.049816,0.029432,17.5373,0.4995,0.1752,0.1537,0.9221,0.1752,0,0.0,0.0,0.0
2026-01-01 02:10:00,N_FULL_04,Full,0.034922,-0.019404,0.039951,-0.001664,-0.009985,0.058333,0.082255,0.045665,17.8674,0.6318,0.0,-0.186,-1.116,0.2056,0,0.0002,0.0,0.0
2026-01-01 02:10:00,N_FULL_05,Full,0.035223,-0.018123,0.039612,-0.001555,-0.009328,0.044488,0.059812,0.035109,19.4678,0.2402,0.1268,0.1268,0.7609,0.1268,0,0.0,0.0,0.0
2026-01-01 02:10:00,N_FULL_06,Full,0.036535,-0.02075,0.042016,0.000784,0.004704,0.05541,0.064192,0.048491,20.5576,0.694,0.0192,-0.1856,-1.1135,0.2374,0,0.0008,0.0,0.0
2026-01-01 02:20:00,N_FULL_01,Full,0.036274,-0.020688,0.041759,9.9e-05,0.000594,0.057888,0.080208,0.049017,19.992,0.3658,0.0,-0.2253,-1.3519,0.2253,0,0.0,0.0,0.0
2026-01-01 02:20:00,N_FULL_02,Full,0.037045,-0.021457,0.04281,0.002187,0.013123,0.043228,0.059702,0.032982,18.9985,0.2892,0.0,-0.1022,-0.6135,0.1786,0,0.0,0.0,0.0
2026-01-01 02:20:00,N_FULL_03,Full,0.033701,-0.020567,0.039481,-0.002153,-0.012916,0.044415,0.05518,0.035948,19.1383,0.6564,0.164,-0.0112,-0.0672,0.1752,0,0.0,0.0,0.0
2026-01-01 02:20:00,N_FULL_04,Full,0.03503,-0.019722,0.0402,0.000249,0.001495,0.055737,0.077144,0.046951,21.0933,0.6873,0.0039,0.0039,0.0236,0.2056,0,0.002,0.0,0.0
2026-01-01 02:20:00,N_FULL_05,Full,0.037824,-0.019944,0.04276,0.003147,0.018884,0.061239,0.076575,0.045134,20.599,0.558,0.0,-0.1268,-0.7609,0.1268,0,0.0,0.0,0.0
2026-01-01 02:20:00,N_FULL_06,Full,0.037369,-0.018617,0.04175,-0.000267,-0.001599,0.052566,0.070934,0.042583,20.3402,0.6551,0.0369,0.0177,0.1062,0.2374,0,0.0,0.0,0.0
2026-01-01 02:30:00,N_FULL_01,Full,0.035612,-0.021769,0.041739,-2e-05,-0.000121,0.037001,0.049752,0.028409,19.3614,0.7632,0.0782,0.0782,0.4689,0.2253,0,0.0,0.0,0.0
2026-01-01 02:30:00,N_FULL_02,Full,0.033374,-0.019442,0.038624,-0.004186,-0.025117,0.052038,0.071366,0.043748,20.3691,0.4915,0.1082,0.1082,0.6492,0.1786,0,0.0002,0.0,0.0
2026-01-01 02:30:00,N_FULL_03,Full,0.036366,-0.020908,0.041948,0.002467,0.014802,0.043889,0.0514,0.031802,19.7391,0.6098,0.0828,-0.0812,-0.4874,0.1752,0,0.001,0.0,0.0
2026-01-01 02:30:00,N_FULL_04,Full,0.034905,-0.018464,0.039488,-0.000712,-0.004275,0.062352,0.081211,0.053794,19.2779,0.5107,0.0912,0.0873,0.5237,0.2056,0,0.0,0.0,0.0
2026-01-01 02:30:00,N_FULL_05,Full,0.033165,-0.021219,0.039372,-0.003388,-0.020329,0.046861,0.054214,0.036822,21.4923,0.7169,0.0845,0.0845,0.5072,0.1268,0,0.0,0.0,0.0
2026-01-01 02:30:00,N_FULL_06,Full,0.036904,-0.020848,0.042385,0.000636,0.003814,0.055269,0.076776,0.043308,19.4962,0.4123,0.2695,0.2327,1.396,0.2695,0,0.0,0.0,0.0
2026-01-01 02:40:00,N_FULL_01,Full,0.03582,-0.022047,0.042061,0.000322,0.001932,0.046273,0.065236,0.032964,18.3176,0.5209,0.075,-0.0032,-0.019,0.2253,0,0.0,0.0,0.0
2026-01-01 02:40:00,N_FULL_02,Full,0.033804,-0.020152,0.039355,0.000731,0.004384,0.042901,0.050646,0.031502,20.0822,0.7399,0.0073,-0.1009,-0.6052,0.1786,0,0.0,0.0,0.0
2026-01-01 02:40:00,N_FULL_03,Full,0.034616,-0.019301,0.039634,-0.002314,-0.013886,0.042609,0.055942,0.034008,21.6097,0.7807,0.0,-0.0828,-0.4965,0.1752,0,0.0023,0.0,0.0
2026-01-01 02:40:00,N_FULL_04,Full,0.035626,-0.019746,0.040733,0.001245,0.007471,0.050383,0.070518,0.041649,20.2544,0.659,0.2481,0.1569,0.9414,0.2481,0,0.0058,0.0,0.0
2026-01-01 02:40:00,N_FULL_05,Full,0.036805,-0.020677,0.042216,0.002844,0.017065,0.05565,0.078872,0.047103,20.2894,0.5511,0.1424,0.0579,0.3475,0.1424,0,0.0,0.0,0.0
2026-01-01 02:40:00,N_FULL_06,Full,0.036976,-0.020843,0.042446,6.1e-05,0.000365,0.043634,0.054651,0.032205,19.5896,0.319,0.0,-0.2695,-1.6172,0.2695,0,0.0,0.0,0.0
2026-01-01 02:50:00,N_FULL_01,Full,0.035549,-0.019805,0.040693,-0.001367,-0.008204,0.058848,0.070736,0.048625,20.6135,0.7905,0.0,-0.075,-0.45,0.2253,0,0.0,0.0,0.0
2026-01-01 02:50:00,N_FULL_02,Full,0.033393,-0.022051,0.040017,0.000662,0.003973,0.048872,0.058946,0.037491,21.0658,0.4766,0.0289,0.0216,0.1293,0.1786,0,0.0,0.0,0.0
2026-01-01 02:50:00,N_FULL_03,Full,0.034491,-0.019758,0.039749,0.000115,0.000691,0.048018,0.062508,0.038702,20.1504,0.5022,0.0915,0.0915,0.549,0.1752,0,0.0,0.0,0.0
2026-01-01 02:50:00,N_FULL_04,Full,0.033941,-0.020922,0.039872,-0.000861,-0.005167,0.034407,0.045859,0.025472,19.2759,0.4115,0.0255,-0.2226,-1.3354,0.2481,0,0.0008,0.0,0.0
2026-01-01 02:50:00,N_FULL_05,Full,0.036305,-0.022565,0.042746,0.00053,0.003181,0.054138,0.064012,0.042355,20.3836,0.43,0.0687,-0.0738,-0.4427,0.1424,0,0.0009,0.0,0.0
2026-01-01 02:50:00,N_FULL_06,Full,0.034724,-0.022242,0.041237,-0.001209,-0.007256,0.033334,0.038914,0.0285,20.4656,0.3494,0.1671,0.1671,1.0029,0.2695,0,0.0002,0.0,0.0
2026-01-01 03:00:00,N_FULL_01,Full,0.033347,-0.021562,0.03971,-0.000983,-0.005899,0.040146,0.048689,0.028348,21.705,0.6287,0.0,0.0,0.0,0.2253,0,0.0,0.0,0.0
2026-01-01 03:00:00,N_FULL_02,Full,0.034244,-0.021234,0.040292,0.000276,0.001654,0.04514,0.058823,0.032048,20.2715,0.2276,0.0358,0.0069,0.0415,0.1786,0,0.0016,0.0,0.0
2026-01-01 03:00:00,N_FULL_03,Full,0.036198,-0.022033,0.042376,0.002627,0.015764,0.04923,0.067867,0.041824,20.6955,0.6659,0.0413,-0.0502,-0.3011,0.1752,0,0.0,0.0,0.0
2026-01-01 03:00:00,N_FULL_04,Full,0.034609,-0.021857,0.040933,0.001061,0.006368,0.055279,0.067733,0.042644,20.6732,0.6308,0.0437,0.0181,0.1089,0.2481,0,0.0005,0.0,0.0
2026-01-01 03:00:00,N_FULL_05,Full,0.034092,-0.01943,0.03924,-0.003506,-0.021034,0.047006,0.064178,0.039339,20.733,0.3905,0.0606,-0.0081,-0.0486,0.1424,0,0.0014,0.0,0.0
2026-01-01 03:00:00,N_FULL_06,Full,0.03554,-0.019848,0.040707,-0.00053,-0.00318,0.04776,0.066424,0.04074,19.3347,0.6018,0.0,-0.1671,-1.0029,0.2695,0,0.002,0.0,0.0
2026-01-01 03:10:00,N_FULL_01,Full,0.03425,-0.020743,0.040041,0.000331,0.001987,0.052606,0.074244,0.046144,19.6358,0.3501,0.0526,0.0526,0.3157,0.2253,0,0.0,0.0,0.0
2026-01-01 03:10:00,N_FULL_02,Full,0.035147,-0.024327,0.042745,0.002453,0.014717,0.050243,0.061243,0.043722,19.6647,0.6207,0.1131,0.0773,0.464,0.1786,0,0.0016,0.0,0.0
2026-01-01 03:10:00,N_FULL_03,Full,0.033496,-0.020387,0.039212,-0.003164,-0.018983,0.045019,0.055274,0.035245,19.8709,0.7108,0.1492,0.1079,0.6475,0.1752,0,0.0015,0.0,0.0
2026-01-01 03:10:00,N_FULL_04,Full,0.033866,-0.022408,0.040608,-0.000325,-0.001949,0.052199,0.070948,0.036711,20.3704,0.3848,0.0913,0.0476,0.2856,0.2481,0,0.0,0.0,0.0
2026-01-01 03:10:00,N_FULL_05,Full,0.034453,-0.020162,0.039919,0.000679,0.004072,0.047058,0.063666,0.036693,19.6753,0.2631,0.0,-0.0606,-0.3634,0.1424,0,0.0005,0.0,0.0
2026-01-01 03:10:00,N_FULL_06,Full,0.032415,-0.020857,0.038546,-0.002161,-0.012966,0.049351,0.068674,0.039206,21.1871,0.4161,0.0203,0.0203,0.1219,0.2695,0,0.0011,0.0,0.0
2026-01-01 03:20:00,N_FULL_01,Full,0.035153,-0.02058,0.040734,0.000693,0.004157,0.05264,0.071906,0.043468,21.316,0.6482,0.1559,0.1033,0.6197,0.2253,0,0.0,0.0,0.0
2026-01-01 03:20:00,N_FULL_02,Full,0.035432,-0.021073,0.041225,-0.001521,-0.009124,0.054781,0.075757,0.045034,20.1504,0.3835,0.0902,-0.0229,-0.1375,0.1786,0,0.0,0.0,0.0
2026-01-01 03:20:00,N_FULL_03,Full,0.035483,-0.021085,0.041274,0.002062,0.012372,0.050835,0.065107,0.043395,20.5525,0.4033,0.0,-0.1492,-0.8954,0.1752,0,0.0,0.0,0.0
2026-01-01 03:20:00,N_FULL_04,Full,0.034756,-0.020984,0.040599,-9e-06,-5.2e-05,0.039949,0.054401,0.029618,19.2924,0.776,0.1252,0.0339,0.2037,0.2481,0,0.0006,0.0,0.0
2026-01-01 03:20:00,N_FULL_05,Full,0.035186,-0.021858,0.041422,0.001503,0.009021,0.048881,0.067111,0.039002,21.3991,0.4317,0.0521,0.0521,0.3127,0.1424,0,0.0,0.0,0.0
2026-01-01 03:20:00,N_FULL_06,Full,0.036351,-0.020562,0.041763,0.003218,0.019306,0.064808,0.084616,0.050478,24.3879,2.8233,0.14,0.1197,0.7182,0.2695,0,0.0015,0.0,0.0
2026-01-01 03:30:00,N_FULL_01,Full,0.033491,-0.022531,0.040364,-0.00037,-0.002219,0.052643,0.063258,0.041227,19.8527,0.6005,0.0,-0.1559,-0.9355,0.2253,0,0.0022,0.0,0.0
2026-01-01 03:30:00,N_FULL_02,Full,0.034989,-0.022552,0.041627,0.000402,0.002414,0.052733,0.074503,0.040447,19.5808,0.6359,0.02,-0.0703,-0.4216,0.1786,0,0.0005,0.0,0.0
2026-01-01 03:30:00,N_FULL_03,Full,0.033789,-0.02318,0.040975,-0.000299,-0.001795,0.048464,0.061662,0.038048,21.1242,0.5123,0.0,0.0,0.0,0.1752,0,0.0035,0.0,0.0
2026-01-01 03:30:00,N_FULL_04,Full,0.03529,-0.020232,0.040678,7.9e-05,0.000474,0.075639,0.102379,0.057564,24.4723,2.9152,0.0,-0.1252,-0.7514,0.2481,0,0.0008,0.0,0.0
2026-01-01 03:30:00,N_FULL_05,Full,0.033565,-0.023136,0.040766,-0.000656,-0.003935,0.04855,0.0604,0.035753,19.0186,0.7424,0.0237,-0.0284,-0.1703,0.1424,0,0.0,0.0,0.0
2026-01-01 03:30:00,N_FULL_06,Full,0.031747,-0.018864,0.036928,-0.004835,-0.02901,0.042321,0.053222,0.031207,20.3152,0.4362,0.0615,-0.0785,-0.4709,0.2695,0,0.0014,0.0,0.0
2026-01-01 03:40:00,N_FULL_01,Full,0.032737,-0.020975,0.03888,-0.001485,-0.008907,0.049507,0.061831,0.037677,18.7092,0.7716,0.1189,0.1189,0.7133,0.2253,0,0.0016,0.0,0.0
2026-01-01 03:40:00,N_FULL_02,Full,0.034659,-0.019807,0.03992,-0.001707,-0.010245,0.037431,0.045916,0.026495,19.2684,0.5319,0.0154,-0.0046,-0.0275,0.1786,0,0.0,0.0,0.0
2026-01-01 03:40:00,N_FULL_03,Full,0.030971,-0.02183,0.037891,-0.003084,-0.018506,0.092355,0.11105,0.071766,27.4327,2.6634,0.0,0.0,0.0,0.1752,0,0.0,0.0,0.0
2026-01-01 03:40:00,N_FULL_04,Full,0.035467,-0.019634,0.040539,-0.000139,-0.000835,0.078242,0.103783,0.056826,27.0482,2.4588,0.0688,0.0688,0.4127,0.2481,0,0.0,0.0,0.0
2026-01-01 03:40:00,N_FULL_05,Full,0.035643,-0.019734,0.040741,-2.5e-05,-0.00015,0.074534,0.105706,0.052791,27.947,3.5709,0.0,-0.0237,-0.1424,0.1424,0,0.0,0.0,0.0
2026-01-01 03:40:00,N_FULL_06,Full,0.032771,-0.020536,0.038673,0.001745,0.010469,0.05358,0.061829,0.039722,20.6935,0.762,0.0649,0.0033,0.0199,0.2695,0,0.0,0.0,0.0
2026-01-01 03:50:00,N_FULL_01,Full,0.03455,-0.019579,0.039712,0.000832,0.00499,0.047737,0.063965,0.039316,21.1564,0.4265,0.0231,-0.0957,-0.5745,0.2253,0,0.0025,0.0,0.0
2026-01-01 03:50:00,N_FULL_02,Full,0.033311,-0.022035,0.03994,2e-05,0.000123,0.047783,0.060629,0.037047,19.5571,0.3928,0.0501,0.0347,0.2083,0.1786,0,0.0008,0.0,0.0
2026-01-01 03:50:00,N_FULL_03,Full,0.034225,-0.020026,0.039654,0.001763,0.010577,0.040708,0.049176,0.035171,21.0915,0.4489,0.1282,0.1282,0.7691,0.1752,0,0.0014,0.0,0.0
2026-01-01 03:50:00,N_FULL_04,Full,0.03246,-0.021096,0.038713,-0.001826,-0.010956,0.043341,0.059288,0.036993,21.0927,0.7586,0.0,-0.0688,-0.4127,0.2481,0,0.0,0.0,0.0
2026-01-01 03:50:00,N_FULL_05,Full,0.035983,-0.022082,0.042218,0.001477,0.00886,0.063563,0.073462,0.052253,26.73,1.2448,0.0,0.0,0.0,0.1424,0,0.0,0.0,0.0
2026-01-01 03:50:00,N_FULL_06,Full,0.033968,-0.020922,0.039894,0.001221,0.007327,0.046914,0.063495,0.037631,20.1397,0.5343,0.0975,0.0327,0.1959,0.2695,0,0.0,0.0,0.0
2026-01-01 04:00:00,N_FULL_01,Full,0.032946,-0.021553,0.03937,-0.000342,-0.002052,0.049367,0.06569,0.042938,19.7135,0.276,0.0,-0.0231,-0.1388,0.2253,0,0.0,0.0,0.0
2026-01-01 04:00:00,N_FULL_02,Full,0.03282,-0.022227,0.039638,-0.000301,-0.001809,0.058422,0.068344,0.044965,20.0714,0.3831,0.0,-0.0501,-0.3007,0.1786,0,0.0018,0.0,0.0
2026-01-01 04:00:00,N_FULL_03,Full,0.033279,-0.021138,0.039424,-0.000229,-0.001376,0.061676,0.075073,0.047592,19.5542,0.286,0.0951,-0.0331,-0.1986,0.1752,0,0.0007,0.0,0.0
2026-01-01 04:00:00,N_FULL_04,Full,0.030965,-0.021487,0.03769,-0.001023,-0.006141,0.043538,0.061235,0.036794,20.0534,0.7169,0.0,0.0,0.0,0.2481,0,0.0015,0.0,0.0
2026-01-01 04:00:00,N_FULL_05,Full,0.033761,-0.022464,0.040552,-0.001666,-0.009999,0.047867,0.066617,0.03894,21.623,0.7353,0.0,0.0,0.0,0.1424,0,0.0,0.0,0.0
2026-01-01 04:00:00,N_FULL_06,Full,0.031098,-0.022127,0.038167,-0.001727,-0.010363,0.058923,0.070764,0.047215,20.4556,0.5798,0.1459,0.0483,0.2901,0.2695,0,0.0018,0.0,0.0
2026-01-01 04:10:00,N_FULL_01,Full,0.031064,-0.021469,0.037761,-0.001609,-0.009651,0.038794,0.0534,0.027565,19.5343,0.4793,0.0,0.0,0.0,0.2253,0,0.0013,0.0,0.0
2026-01-01 04:10:00,N_FULL_02,Full,0.031943,-0.021507,0.038508,-0.00113,-0.006781,0.051756,0.073341,0.036568,18.1794,0.3563,0.068,0.068,0.4082,0.1786,0,0.0016,0.0,0.0
2026-01-01 04:10:00,N_FULL_03,Full,0.033549,-0.021736,0.039975,0.00055,0.003301,0.042618,0.049374,0.036404,19.6617,0.2515,0.0321,-0.063,-0.3781,0.1752,0,0.001,0.0,0.0
2026-01-01 04:10:00,N_FULL_04,Full,0.033077,-0.021456,0.039426,0.001737,0.010419,0.047078,0.061377,0.035508,20.4105,0.361,0.0,0.0,0.0,0.2481,0,0.0035,0.0,0.0
2026-01-01 04:10:00,N_FULL_05,Full,0.032493,-0.021262,0.038831,-0.00172,-0.010322,0.048652,0.061369,0.041869,19.824,0.6762,0.0494,0.0494,0.2962,0.1424,0,0.0,0.0,0.0
2026-01-01 04:10:00,N_FULL_06,Full,0.032352,-0.022327,0.039308,0.001141,0.006847,0.052054,0.071158,0.044792,19.8599,0.354,0.0,-0.1459,-0.8751,0.2695,0,0.0013,0.0,0.0
2026-01-01 04:20:00,N_FULL_01,Full,0.031956,-0.022047,0.038823,0.001062,0.006373,0.046511,0.0623,0.033371,20.1186,0.7385,0.0,0.0,0.0,0.2253,0,0.0,0.0,0.0
2026-01-01 04:20:00,N_FULL_02,Full,0.032966,-0.020144,0.038634,0.000125,0.000752,0.036261,0.047008,0.029307,20.8111,0.4265,0.0257,-0.0424,-0.2541,0.1786,0,0.0015,0.0,0.0
2026-01-01 04:20:00,N_FULL_03,Full,0.034036,-0.020985,0.039985,1e-05,6.3e-05,0.038328,0.054725,0.028339,20.2105,0.2381,0.0,-0.0321,-0.1924,0.1752,0,0.004,0.0,0.0
2026-01-01 04:20:00,N_FULL_04,Full,0.035438,-0.021764,0.041588,0.002161,0.012968,0.034899,0.049722,0.029749,20.1702,0.5172,0.1023,0.1023,0.6136,0.2481,0,0.0,0.0,0.0
2026-01-01 04:20:00,N_FULL_05,Full,0.033194,-0.021499,0.039548,0.000717,0.0043,0.033775,0.042446,0.028462,20.0308,0.6952,0.1607,0.1113,0.6677,0.1607,0,0.0011,0.0,0.0
2026-01-01 04:20:00,N_FULL_06,Full,0.034083,-0.020595,0.039822,0.000514,0.003081,0.048206,0.063304,0.036552,19.2305,0.2381,0.0,0.0,0.0,0.2695,0,0.0018,0.0,0.0
2026-01-01 04:30:00,N_FULL_01,Full,0.034995,-0.021599,0.041124,0.002301,0.013806,0.051967,0.069821,0.044645,20.4936,0.5219,0.0,0.0,0.0,0.2253,0,0.0,0.0,0.0
2026-01-01 04:30:00,N_FULL_02,Full,0.033036,-0.020172,0.038708,7.4e-05,0.000446,0.039177,0.05306,0.028887,20.1186,0.5478,0.0428,0.0171,0.1025,0.1786,0,0.0016,0.0,0.0
2026-01-01 04:30:00,N_FULL_03,Full,0.032457,-0.020852,0.038578,-0.001408,-0.008445,0.049091,0.063742,0.034483,20.3093,0.7541,0.0,0.0,0.0,0.1752,0,0.0,0.0,0.0
2026-01-01 04:30:00,N_FULL_04,Full,0.030055,-0.020372,0.036309,-0.005279,-0.031674,0.04576,0.05767,0.034052,20.2023,0.5356,0.0351,-0.0671,-0.4028,0.2481,0,0.0017,0.0,0.0
2026-01-01 04:30:00,N_FULL_05,Full,0.034676,-0.019458,0.039762,0.000214,0.001286,0.042017,0.052907,0.031763,20.114,0.4524,0.0558,-0.1049,-0.6292,0.1607,0,0.0,0.0,0.0
2026-01-01 04:30:00,N_FULL_06,Full,0.034583,-0.020521,0.040214,0.000392,0.00235,0.032682,0.044793,0.027435,18.8734,0.6097,0.0,0.0,0.0,0.2695,0,0.0,0.0,0.0
2026-01-01 04:40:00,N_FULL_01,Full,0.03227,-0.022602,0.039398,-0.001726,-0.010356,0.040418,0.047737,0.028524,21.2365,0.6317,0.0722,0.0722,0.4333,0.2253,0,0.0,0.0,0.0
2026-01-01 04:40:00,N_FULL_02,Full,0.035664,-0.021591,0.041691,0.002983,0.017895,0.043773,0.060618,0.030967,20.7203,0.4207,0.0434,0.0007,0.0041,0.1786,0,0.0,0.0,0.0
2026-01-01 04:40:00,N_FULL_03,Full,0.03417,-0.020634,0.039917,0.001339,0.008035,0.038986,0.051077,0.030003,21.0992,0.2614,0.0863,0.0863,0.5177,0.1752,0,0.0003,0.0,0.0
2026-01-01 04:40:00,N_FULL_04,Full,0.034152,-0.021868,0.040553,0.004245,0.025468,0.040397,0.051824,0.03003,20.045,0.7729,0.0,-0.0351,-0.2108,0.2481,0,0.0,0.0,0.0
2026-01-01 04:40:00,N_FULL_05,Full,0.034404,-0.018507,0.039066,-0.000697,-0.00418,0.037971,0.054076,0.027883,20.8181,0.367,0.0692,0.0134,0.0804,0.1607,0,0.0,0.0,0.0
2026-01-01 04:40:00,N_FULL_06,Full,0.031178,-0.021089,0.037641,-0.002573,-0.015436,0.045703,0.057015,0.036964,18.7579,0.3559,0.0157,0.0157,0.0942,0.2695,0,0.002,0.0,0.0
2026-01-01 04:50:00,N_FULL_01,Full,0.033128,-0.020288,0.038846,-0.000552,-0.003312,0.043818,0.059655,0.037377,19.8009,0.3023,0.0498,-0.0224,-0.1343,0.2253,0,0.0,0.0,0.0
2026-01-01 04:50:00,N_FULL_02,Full,0.032038,-0.021018,0.038317,-0.003374,-0.020243,0.046564,0.064117,0.039944,19.8251,0.6946,0.0,-0.0434,-0.2606,0.1786,0,0.0,0.0,0.0
2026-01-01 04:50:00,N_FULL_03,Full,0.033448,-0.021563,0.039796,-0.000121,-0.000725,0.042607,0.058614,0.034525,19.1648,0.5458,0.0749,-0.0114,-0.0684,0.1752,0,0.0004,0.0,0.0
2026-01-01 04:50:00,N_FULL_04,Full,0.033081,-0.020735,0.039043,-0.001511,-0.009064,0.038309,0.053728,0.032349,20.6832,0.6016,0.0972,0.0972,0.5831,0.2481,0,0.0,0.0,0.0
2026-01-01 04:50:00,N_FULL_05,Full,0.034211,-0.022271,0.040821,0.001756,0.010534,0.038115,0.044934,0.029007,21.2025,0.2009,0.0,-0.0692,-0.4152,0.1607,0,0.0,0.0,0.0
2026-01-01 04:50:00,N_FULL_06,Full,0.033169,-0.020963,0.039238,0.001598,0.009586,0.047976,0.055853,0.037468,19.6795,0.2246,0.0,-0.0157,-0.0942,0.2695,0,0.0,0.0,0.0
2026-01-01 05:00:00,N_FULL_01,Full,0.03377,-0.019416,0.038954,0.000108,0.000647,0.044418,0.053949,0.031471,19.0567,0.7871,0.0533,0.0034,0.0206,0.2253,0,0.0,0.0,0.0
2026-01-01 05:00:00,N_FULL_02,Full,0.033562,-0.021323,0.039763,0.001446,0.008677,0.037824,0.053422,0.030401,19.3717,0.3812,0.0799,0.0799,0.4797,0.1786,0,0.003,0.0,0.0
2026-01-01 05:00:00,N_FULL_03,Full,0.033961,-0.021403,0.040143,0.000347,0.002081,0.038005,0.052525,0.030509,19.0012,0.711,0.0,-0.0749,-0.4493,0.1752,0,0.0,0.0,0.0
2026-01-01 05:00:00,N_FULL_04,Full,0.033716,-0.022061,0.040292,0.001249,0.007497,0.034073,0.048825,0.024893,20.3734,0.5073,0.0,-0.0972,-0.5831,0.2481,0,0.0,0.0,0.0
2026-01-01 05:00:00,N_FULL_05,Full,0.032893,-0.021068,0.039061,-0.00176,-0.010561,0.046831,0.067228,0.040747,19.9017,0.3336,0.0,0.0,0.0,0.1607,0,0.0024,0.0,0.0
2026-01-01 05:00:00,N_FULL_06,Full,0.032071,-0.021343,0.038523,-0.000715,-0.00429,0.040983,0.057661,0.030378,19.6564,0.5629,0.0,0.0,0.0,0.2695,0,0.0018,0.0,0.0
2026-01-01 05:10:00,N_FULL_01,Full,0.032989,-0.021176,0.039201,0.000246,0.001479,0.031003,0.036167,0.022366,19.1564,0.5269,0.0,-0.0533,-0.3196,0.2253,0,0.0,0.0,0.0
2026-01-01 05:10:00,N_FULL_02,Full,0.034696,-0.021728,0.040938,0.001175,0.00705,0.066375,0.080048,0.051085,26.3077,3.7093,0.0,-0.0799,-0.4797,0.1786,0,0.0004,0.0,0.0
2026-01-01 05:10:00,N_FULL_03,Full,0.033066,-0.020432,0.038869,-0.001274,-0.007642,0.04195,0.048723,0.034088,19.3904,0.4376,0.0,0.0,0.0,0.1752,0,0.0014,0.0,0.0
2026-01-01 05:10:00,N_FULL_04,Full,0.033985,-0.0204,0.039638,-0.000654,-0.003926,0.034132,0.041054,0.025053,20.0403,0.3592,0.0745,0.0745,0.4472,0.2481,0,0.004,0.0,0.0
2026-01-01 05:10:00,N_FULL_05,Full,0.033226,-0.021656,0.039661,0.000599,0.003596,0.039682,0.057261,0.032762,19.0515,0.4856,0.0393,0.0393,0.2359,0.1607,0,0.0,0.0,0.0
2026-01-01 05:10:00,N_FULL_06,Full,0.032844,-0.019941,0.038424,-9.9e-05,-0.000596,0.043149,0.059131,0.030569,20.7209,0.6856,0.0,0.0,0.0,0.2695,0,0.0023,0.0,0.0
2026-01-01 05:20:00,N_FULL_01,Full,0.032308,-0.021589,0.038857,-0.000343,-0.00206,0.03988,0.049076,0.029612,19.1403,0.3888,0.0,0.0,0.0,0.2253,0,0.0014,0.0,0.0
2026-01-01 05:20:00,N_FULL_02,Full,0.034281,-0.020025,0.039701,-0.001237,-0.00742,0.053424,0.075877,0.043174,18.5618,0.6016,0.0411,0.0411,0.2467,0.1786,0,0.0022,0.0,0.0
2026-01-01 05:20:00,N_FULL_03,Full,0.032169,-0.020099,0.037932,-0.000938,-0.005626,0.079688,0.105582,0.061356,29.5586,3.3385,0.0,0.0,0.0,0.1752,0,0.0,0.0,0.0
2026-01-01 05:20:00,N_FULL_04,Full,0.033968,-0.020108,0.039474,-0.000164,-0.000983,0.046971,0.054157,0.040828,18.6005,0.5639,0.0,-0.0745,-0.4472,0.2481,0,0.0001,0.0,0.0
2026-01-01 05:20:00,N_FULL_05,Full,0.032752,-0.020001,0.038376,-0.001284,-0.007705,0.073943,0.098948,0.061038,24.2074,1.4572,0.0,-0.0393,-0.2359,0.1607,0,0.0,0.0,0.0
2026-01-01 05:20:00,N_FULL_06,Full,0.034306,-0.019986,0.039703,0.001279,0.007674,0.042928,0.059352,0.030433,20.2392,0.7747,0.0,0.0,0.0,0.2695,0,0.0026,0.0,0.0
2026-01-01 05:30:00,N_FULL_01,Full,0.036608,-0.018013,0.0408,0.001942,0.011654,0.034592,0.043029,0.02861,20.2587,0.6521,0.0722,0.0722,0.4332,0.2253,0,0.0005,0.0,0.0
2026-01-01 05:30:00,N_FULL_02,Full,0.034811,-0.021213,0.040765,0.001064,0.006386,0.074246,0.099911,0.057082,25.0462,2.1537,0.0527,0.0116,0.0698,0.1786,0,0.0002,0.0,0.0
2026-01-01 05:30:00,N_FULL_03,Full,0.033407,-0.020638,0.039268,0.001336,0.008017,0.035374,0.041896,0.028622,20.0461,0.6232,0.0245,0.0245,0.1472,0.1752,0,0.0,0.0,0.0
2026-01-01 05:30:00,N_FULL_04,Full,0.035725,-0.021767,0.041834,0.00236,0.014162,0.035145,0.04836,0.026944,18.8793,0.5021,0.0,0.0,0.0,0.2481,0,0.0014,0.0,0.0
2026-01-01 05:30:00,N_FULL_05,Full,0.033706,-0.020382,0.039389,0.001013,0.006076,0.038174,0.044193,0.0301,20.9089,0.2232,0.0922,0.0922,0.5529,0.1607,0,0.0,0.0,0.0
2026-01-01 05:30:00,N_FULL_06,Full,0.033345,-0.020301,0.039039,-0.000664,-0.003986,0.04129,0.051659,0.033007,20.45,0.3008,0.1815,0.1815,1.0888,0.2695,0,0.0,0.0,0.0
2026-01-01 05:40:00,N_FULL_01,Full,0.034961,-0.020751,0.040655,-0.000144,-0.000866,0.036231,0.046758,0.026534,20.1347,0.4043,0.0109,-0.0613,-0.3679,0.2253,0,0.0,0.0,0.0
2026-01-01 05:40:00,N_FULL_02,Full,0.036396,-0.020359,0.041703,0.000937,0.005623,0.043753,0.051543,0.033403,19.0025,0.5347,0.0,-0.0527,-0.3164,0.1786,0,0.001,0.0,0.0
2026-01-01 05:40:00,N_FULL_03,Full,0.033304,-0.019222,0.038453,-0.000815,-0.004887,0.040506,0.052918,0.031774,18.4941,0.755,0.0275,0.0029,0.0176,0.1752,0,0.0,0.0,0.0
2026-01-01 05:40:00,N_FULL_04,Full,0.034807,-0.020294,0.040291,-0.001543,-0.009256,0.030752,0.044365,0.024844,19.1282,0.7496,0.0659,0.0659,0.3952,0.2481,0,0.003,0.0,0.0
2026-01-01 05:40:00,N_FULL_05,Full,0.034146,-0.021122,0.040151,0.000762,0.004572,0.042537,0.059421,0.031283,18.2009,0.2598,0.0631,-0.0291,-0.1745,0.1607,0,0.0,0.0,0.0
2026-01-01 05:40:00,N_FULL_06,Full,0.033782,-0.017646,0.038113,-0.000925,-0.005551,0.043788,0.058094,0.034587,19.5067,0.6767,0.0,-0.1815,-1.0888,0.2695,0,0.0,0.0,0.0
2026-01-01 05:50:00,N_FULL_01,Full,0.035777,-0.019934,0.040956,0.0003,0.001802,0.036408,0.045767,0.029391,19.0792,0.4783,0.0,-0.0109,-0.0653,0.2253,0,0.0,0.0,0.0
2026-01-01 05:50:00,N_FULL_02,Full,0.033312,-0.019911,0.038808,-0.002894,-0.017366,0.048056,0.056126,0.036587,17.4566,0.6174,0.0158,0.0158,0.0947,0.1786,0,0.0,0.0,0.0
2026-01-01 05:50:00,N_FULL_03,Full,0.033248,-0.019047,0.038317,-0.000136,-0.000816,0.035916,0.050343,0.027359,18.9798,0.4769,0.1381,0.1106,0.6636,0.1752,0,0.0,0.0,0.0
2026-01-01 05:50:00,N_FULL_04,Full,0.033287,-0.01915,0.038402,-0.001889,-0.011335,0.035748,0.044022,0.026408,17.6146,0.4386,0.0,-0.0659,-0.3952,0.2481,0,0.0,0.0,0.0
2026-01-01 05:50:00,N_FULL_05,Full,0.033457,-0.021326,0.039676,-0.000475,-0.002853,0.028171,0.039186,0.024767,19.7318,0.372,0.0646,0.0016,0.0094,0.1607,0,0.0,0.0,0.0
2026-01-01 05:50:00,N_FULL_06,Full,0.033703,-0.018195,0.038301,0.000187,0.001124,0.039716,0.050159,0.029975,17.6722,0.2196,0.0,0.0,0.0,0.2695,0,0.0,0.0,0.0
2026-01-01 06:00:00,N_FULL_01,Full,0.036468,-0.018865,0.041058,0.000103,0.000616,0.033272,0.043785,0.024445,18.6201,0.3101,0.0,0.0,0.0,0.2253,0,0.0,0.0,0.0
2026-01-01 06:00:00,N_FULL_02,Full,0.035023,-0.019268,0.039974,0.001166,0.006993,0.038536,0.050614,0.030842,18.6852,0.3794,0.0406,0.0248,0.1487,0.1786,0,0.0,0.0,0.0
2026-01-01 06:00:00,N_FULL_03,Full,0.036405,-0.019592,0.041342,0.003025,0.018148,0.073833,0.095196,0.051904,31.7491,1.1123,0.1838,0.0458,0.2745,0.1838,0,0.001,0.0,0.0
2026-01-01 06:00:00,N_FULL_04,Full,0.035311,-0.01963,0.040401,0.001999,0.011991,0.041165,0.052062,0.032191,18.6152,0.3937,0.0087,0.0087,0.0525,0.2481,0,0.0,0.0,0.0
2026-01-01 06:00:00,N_FULL_05,Full,0.035776,-0.020708,0.041337,0.001661,0.009967,0.034561,0.047994,0.02954,20.2822,0.7909,0.0,-0.0646,-0.3878,0.1607,0,0.0,0.0,0.0
2026-01-01 06:00:00,N_FULL_06,Full,0.035063,-0.020826,0.040782,0.002481,0.014885,0.03409,0.044328,0.027537,18.1196,0.3242,0.0986,0.0986,0.5918,0.2695,0,0.0046,0.0,0.0
2026-01-01 06:10:00,N_FULL_01,Full,0.034819,-0.019805,0.040057,-0.001001,-0.006006,0.042554,0.061497,0.031223,18.1579,0.304,0.0,0.0,0.0,0.2253,0,0.0,0.0,0.0
2026-01-01 06:10:00,N_FULL_02,Full,0.035038,-0.019485,0.040091,0.000117,0.000704,0.047553,0.065276,0.034059,18.0246,0.634,0.0,-0.0406,-0.2435,0.1786,0,0.0,0.0,0.0
2026-01-01 06:10:00,N_FULL_03,Full,0.036163,-0.017915,0.040357,-0.000985,-0.00591,0.042168,0.060828,0.03578,17.3706,0.7589,0.0672,-0.1167,-0.7,0.1838,0,0.0,0.0,0.0
2026-01-01 06:10:00,N_FULL_04,Full,0.035939,-0.018778,0.040549,0.000148,0.000889,0.031699,0.041266,0.025192,18.8111,0.2943,0.0,-0.0087,-0.0525,0.2481,0,0.0,0.0,0.0
2026-01-01 06:10:00,N_FULL_05,Full,0.035842,-0.019176,0.040649,-0.000688,-0.004126,0.068996,0.086312,0.054113,25.3891,3.3465,0.0,0.0,0.0,0.1607,0,0.0016,0.0,0.0
2026-01-01 06:10:00,N_FULL_06,Full,0.033189,-0.017693,0.037611,-0.003171,-0.019026,0.046175,0.063039,0.033591,17.6062,0.7877,0.0,-0.0986,-0.5918,0.2695,0,0.0002,0.0,0.0
2026-01-01 06:20:00,N_FULL_01,Full,0.038337,-0.018885,0.042736,0.002679,0.016074,0.034521,0.045569,0.027339,17.3103,0.4374,0.0993,0.0993,0.5957,0.2253,0,0.0006,0.0,0.0
2026-01-01 06:20:00,N_FULL_02,Full,0.036455,-0.017935,0.040629,0.000537,0.003224,0.083381,0.108852,0.069215,26.4756,2.7494,0.0893,0.0893,0.5357,0.1786,0,0.0016,0.0,0.0
2026-01-01 06:20:00,N_FULL_03,Full,0.035445,-0.01854,0.040001,-0.000356,-0.002135,0.032464,0.043806,0.023563,18.8787,0.5601,0.137,0.0698,0.4189,0.1838,0,0.0001,0.0,0.0
2026-01-01 06:20:00,N_FULL_04,Full,0.036384,-0.019665,0.041358,0.000809,0.004854,0.03964,0.053182,0.033597,18.8279,0.7643,0.053,0.053,0.3179,0.2481,0,0.002,0.0,0.0
2026-01-01 06:20:00,N_FULL_05,Full,0.035469,-0.020081,0.040759,0.00011,0.00066,0.052368,0.060484,0.03675,27.1282,3.6034,0.0,0.0,0.0,0.1607,0,0.003,0.0,0.0
2026-01-01 06:20:00,N_FULL_06,Full,0.036026,-0.019248,0.040846,0.003235,0.01941,0.048773,0.066278,0.037168,18.3745,0.6273,0.0,0.0,0.0,0.2695,0,0.0,0.0,0.0
2026-01-01 06:30:00,N_FULL_01,Full,0.036328,-0.020586,0.041756,-0.000981,-0.005884,0.035116,0.045711,0.029872,17.5422,0.3049,0.0,-0.0993,-0.5957,0.2253,0,0.0,0.0,0.0
2026-01-01 06:30:00,N_FULL_02,Full,0.036024,-0.018125,0.040327,-0.000301,-0.001809,0.039383,0.054049,0.032352,17.2579,0.6818,0.0,-0.0893,-0.5357,0.1786,0,0.0011,0.0,0.0
2026-01-01 06:30:00,N_FULL_03,Full,0.035244,-0.019637,0.040346,0.000344,0.002066,0.041811,0.058191,0.036256,17.8135,0.6406,0.1199,-0.0171,-0.1024,0.1838,0,0.0,0.0,0.0
2026-01-01 06:30:00,N_FULL_04,Full,0.03495,-0.021633,0.041104,-0.000254,-0.001525,0.039443,0.047971,0.029009,18.7947,0.2057,0.0,-0.053,-0.3179,0.2481,0,0.0024,0.0,0.0
2026-01-01 06:30:00,N_FULL_05,Full,0.034973,-0.018152,0.039403,-0.001356,-0.008138,0.045032,0.060737,0.039075,17.982,0.7838,0.0203,0.0203,0.1221,0.1607,0,0.0017,0.0,0.0
2026-01-01 06:30:00,N_FULL_06,Full,0.032143,-0.018164,0.03692,-0.003926,-0.023553,0.031963,0.037808,0.022513,18.5921,0.3941,0.0894,0.0894,0.5364,0.2695,0,0.0014,0.0,0.0
2026-01-01 06:40:00,N_FULL_01,Full,0.037339,-0.018844,0.041824,6.9e-05,0.000411,0.037775,0.048087,0.026784,17.2539,0.294,0.0052,0.0052,0.0315,0.2253,0,0.0,0.0,0.0
2026-01-01 06:40:00,N_FULL_02,Full,0.036467,-0.019,0.04112,0.000793,0.004755,0.041988,0.054217,0.030648,17.5162,0.2732,0.0164,0.0164,0.0984,0.1786,0,0.0041,0.0,0.0
2026-01-01 06:40:00,N_FULL_03,Full,0.038422,-0.02045,0.043525,0.00318,0.01908,0.044023,0.05114,0.037851,18.6933,0.2055,0.1837,0.0638,0.3828,0.1838,0,0.0004,0.0,0.0
2026-01-01 06:40:00,N_FULL_04,Full,0.034697,-0.01999,0.040043,-0.001061,-0.006363,0.072493,0.102126,0.056081,22.753,1.8022,0.0,0.0,0.0,0.2481,0,0.0017,0.0,0.0
2026-01-01 06:40:00,N_FULL_05,Full,0.036645,-0.018318,0.040968,0.001565,0.009392,0.043637,0.057611,0.036277,17.8065,0.6999,0.0,-0.0203,-0.1221,0.1607,0,0.0,0.0,0.0
2026-01-01 06:40:00,N_FULL_06,Full,0.035742,-0.019023,0.040489,0.003569,0.021412,0.049285,0.068456,0.040174,18.5543,0.7024,0.0,-0.0894,-0.5364,0.2695,0,0.001,0.0,0.0
2026-01-01 06:50:00,N_FULL_01,Full,0.037211,-0.018856,0.041715,-0.000109,-0.000653,0.032625,0.039724,0.025518,17.5987,0.2579,0.1709,0.1656,0.9936,0.2253,0,0.0021,0.0,0.0
2026-01-01 06:50:00,N_FULL_02,Full,0.036812,-0.019088,0.041466,0.000347,0.00208,0.036407,0.052447,0.029825,19.2644,0.3451,0.0,-0.0164,-0.0984,0.1786,0,0.0,0.0,0.0
2026-01-01 06:50:00,N_FULL_03,Full,0.036337,-0.019131,0.041065,-0.00246,-0.014761,0.041577,0.051473,0.029568,17.721,0.2578,0.146,-0.0376,-0.2259,0.1838,0,0.0,0.0,0.0
2026-01-01 06:50:00,N_FULL_04,Full,0.036299,-0.01773,0.040398,0.000355,0.002129,0.041475,0.051919,0.034014,18.5277,0.533,0.0,0.0,0.0,0.2481,0,0.0017,0.0,0.0
2026-01-01 06:50:00,N_FULL_05,Full,0.038367,-0.017817,0.042302,0.001334,0.008002,0.047226,0.058421,0.033961,18.4283,0.4272,0.0,0.0,0.0,0.1607,0,0.0006,0.0,0.0
2026-01-01 06:50:00,N_FULL_06,Full,0.03633,-0.018548,0.040791,0.000302,0.001811,0.088613,0.10943,0.077791,23.9285,2.5187,0.0,0.0,0.0,0.2695,0,0.0,0.0,0.0
2026-01-01 07:00:00,N_FULL_01,Full,0.034819,-0.020863,0.040591,-0.001124,-0.006745,0.05322,0.063501,0.038364,17.026,0.6135,0.0,-0.1709,-1.0251,0.2253,0,0.0039,0.0,0.0
2026-01-01 07:00:00,N_FULL_02,Full,0.037187,-0.018445,0.04151,4.3e-05,0.00026,0.045178,0.060924,0.035307,17.2371,0.4122,0.0,0.0,0.0,0.1786,0,0.0025,0.0,0.0
2026-01-01 07:00:00,N_FULL_03,Full,0.038492,-0.019059,0.042952,0.001886,0.011319,0.032805,0.043203,0.023961,17.4774,0.5228,0.1975,0.0514,0.3086,0.1975,0,0.0006,0.0,0.0
2026-01-01 07:00:00,N_FULL_04,Full,0.039074,-0.016864,0.042558,0.00216,0.012958,0.060196,0.073037,0.052868,22.0243,1.9563,0.0507,0.0507,0.3044,0.2481,0,0.0,0.0,0.0
2026-01-01 07:00:00,N_FULL_05,Full,0.037189,-0.019154,0.041832,-0.00047,-0.002821,0.029868,0.037064,0.023386,18.1236,0.5801,0.0199,0.0199,0.1194,0.1607,0,0.0025,0.0,0.0
2026-01-01 07:00:00,N_FULL_06,Full,0.035485,-0.01802,0.039798,-0.000992,-0.005954,0.029273,0.037401,0.020659,17.6057,0.2386,0.0,0.0,0.0,0.2695,0,0.0003,0.0,0.0
2026-01-01 07:10:00,N_FULL_01,Full,0.035053,-0.017547,0.0392,-0.001391,-0.008348,0.041363,0.047647,0.030687,18.7213,0.3546,0.0,0.0,0.0,0.2253,0,0.0,0.0,0.0
2026-01-01 07:10:00,N_FULL_02,Full,0.036433,-0.018987,0.041084,-0.000426,-0.002555,0.037578,0.054325,0.031825,17.5712,0.3671,0.0,0.0,0.0,0.1786,0,0.0004,0.0,0.0
2026-01-01 07:10:00,N_FULL_03,Full,0.036719,-0.019389,0.041524,-0.001428,-0.008566,0.075018,0.105296,0.056867,25.2788,2.0873,0.3061,0.1086,0.6518,0.3061,0,0.0015,0.0,0.0
2026-01-01 07:10:00,N_FULL_04,Full,0.038263,-0.01948,0.042937,0.000379,0.002274,0.038809,0.051465,0.031024,16.0193,0.5468,0.0,-0.0507,-0.3044,0.2481,0,0.0001,0.0,0.0
2026-01-01 07:10:00,N_FULL_05,Full,0.039031,-0.016431,0.042348,0.000517,0.0031,0.040204,0.05599,0.032885,18.2663,0.5465,0.0434,0.0235,0.1409,0.1607,0,0.0002,0.0,0.0
2026-01-01 07:10:00,N_FULL_06,Full,0.034531,-0.019119,0.03947,-0.000328,-0.001967,0.040707,0.05709,0.032006,17.8233,0.3757,0.0,0.0,0.0,0.2695,0,0.0015,0.0,0.0
2026-01-01 07:20:00,N_FULL_01,Full,0.036495,-0.01946,0.041359,0.002159,0.012956,0.086192,0.111032,0.070775,23.2064,1.7758,0.0906,0.0906,0.5437,0.2253,0,0.0015,0.0,0.0
2026-01-01 07:20:00,N_FULL_02,Full,0.037477,-0.017865,0.041518,0.000434,0.002602,0.042086,0.049476,0.033787,17.199,0.4266,0.0,0.0,0.0,0.1786,0,0.0,0.0,0.0
2026-01-01 07:20:00,N_FULL_03,Full,0.039893,-0.01788,0.043717,0.002193,0.013158,0.09778,0.140208,0.079461,28.2421,1.3936,0.3954,0.0893,0.536,0.3954,0,0.0,0.0,0.0
2026-01-01 07:20:00,N_FULL_04,Full,0.036533,-0.018598,0.040994,-0.001942,-0.011653,0.03833,0.054131,0.033589,17.621,0.7168,0.0,0.0,0.0,0.2481,0,0.0,0.0,0.0
2026-01-01 07:20:00,N_FULL_05,Full,0.036186,-0.019576,0.041141,-0.001207,-0.007241,0.031411,0.036733,0.026469,17.4455,0.467,0.0,-0.0434,-0.2603,0.1607,0,0.0011,0.0,0.0
2026-01-01 07:20:00,N_FULL_06,Full,0.03726,-0.018744,0.041709,0.002238,0.01343,0.03762,0.053932,0.027629,16.4728,0.5391,0.0,0.0,0.0,0.2695,0,0.0,0.0,0.0
2026-01-01 07:30:00,N_FULL_01,Full,0.034534,-0.017717,0.038814,-0.002545,-0.015273,0.030768,0.043884,0.026179,17.7034,0.7439,0.0588,-0.0318,-0.1907,0.2253,0,0.0,0.0,0.0
2026-01-01 07:30:00,N_FULL_02,Full,0.036053,-0.018647,0.04059,-0.000928,-0.005567,0.042812,0.06183,0.033187,17.3909,0.2432,0.0,0.0,0.0,0.1786,0,0.0,0.0,0.0
2026-01-01 07:30:00,N_FULL_03,Full,0.036932,-0.017708,0.040958,-0.002759,-0.016555,0.044094,0.053276,0.037791,16.2888,0.2106,0.317,-0.0785,-0.4708,0.3954,1,0.0573,0.0573,0.3439
2026-01-01 07:30:00,N_FULL_04,Full,0.035311,-0.016398,0.038933,-0.002061,-0.012369,0.03891,0.055996,0.02884,17.3546,0.5935,0.0934,0.0934,0.5604,0.2481,0,0.0013,0.0,0.0
2026-01-01 07:30:00,N_FULL_05,Full,0.037261,-0.019019,0.041834,0.000693,0.004158,0.045499,0.053202,0.039924,16.032,0.5408,0.0,0.0,0.0,0.1607,0,0.0,0.0,0.0
2026-01-01 07:30:00,N_FULL_06,Full,0.037585,-0.018197,0.041758,4.9e-05,0.000296,0.043064,0.050044,0.034545,16.5306,0.6157,0.0,0.0,0.0,0.2695,0,0.0001,0.0,0.0
2026-01-01 07:40:00,N_FULL_01,Full,0.036531,-0.019843,0.041572,0.002759,0.016551,0.050487,0.059304,0.041915,17.7415,0.2179,0.0125,-0.0463,-0.2779,0.2253,0,0.0008,0.0,0.0
2026-01-01 07:40:00,N_FULL_02,Full,0.035794,-0.017579,0.039878,-0.000712,-0.00427,0.046335,0.066024,0.032821,17.0265,0.3331,0.0018,0.0018,0.011,0.1786,0,0.0,0.0,0.0
2026-01-01 07:40:00,N_FULL_03,Full,0.03844,-0.017719,0.042328,0.00137,0.008219,0.045151,0.064506,0.03228,17.556,0.7365,0.4334,0.1165,0.6987,0.4334,1,0.0619,0.0046,0.0273
2026-01-01 07:40:00,N_FULL_04,Full,0.034602,-0.01714,0.038614,-0.000318,-0.001911,0.042865,0.052657,0.034826,16.8598,0.7438,0.0622,-0.0312,-0.1869,0.2481,0,0.0015,0.0,0.0
2026-01-01 07:40:00,N_FULL_05,Full,0.037748,-0.018467,0.042023,0.000189,0.001133,0.0311,0.036848,0.021837,18.5948,0.4017,0.0,0.0,0.0,0.1607,0,0.0,0.0,0.0
2026-01-01 07:40:00,N_FULL_06,Full,0.036833,-0.019682,0.041761,3e-06,1.9e-05,0.046127,0.057804,0.037947,17.6244,0.7713,0.048,0.048,0.2881,0.2695,0,0.0,0.0,0.0
2026-01-01 07:50:00,N_FULL_01,Full,0.035638,-0.015676,0.038933,-0.002639,-0.015835,0.077221,0.094566,0.056792,26.444,1.9622,0.2863,0.2737,1.6424,0.2863,0,0.0015,0.0,0.0
2026-01-01 07:50:00,N_FULL_02,Full,0.037795,-0.019018,0.04231,0.002432,0.014592,0.037466,0.045262,0.029061,16.6768,0.4942,0.0695,0.0677,0.4062,0.1786,0,0.0027,0.0,0.0
2026-01-01 07:50:00,N_FULL_03,Full,0.039388,-0.019099,0.043774,0.001446,0.008678,0.033735,0.043309,0.024623,17.0753,0.5591,0.3588,-0.0746,-0.4477,0.4334,1,0.0691,0.0073,0.0435
2026-01-01 07:50:00,N_FULL_04,Full,0.034999,-0.019256,0.039946,0.001332,0.00799,0.051865,0.073646,0.041042,16.2428,0.6446,0.0,-0.0622,-0.3735,0.2481,0,0.0,0.0,0.0
2026-01-01 07:50:00,N_FULL_05,Full,0.037676,-0.017515,0.041549,-0.000474,-0.002847,0.03617,0.04971,0.02652,16.452,0.7767,0.0043,0.0043,0.0257,0.1607,0,0.0019,0.0,0.0
2026-01-01 07:50:00,N_FULL_06,Full,0.037342,-0.017201,0.041113,-0.000648,-0.003887,0.044579,0.052643,0.032605,16.5085,0.3602,0.0,-0.048,-0.2881,0.2695,0,0.0,0.0,0.0
2026-01-01 08:00:00,N_FULL_01,Full,0.036117,-0.018311,0.040493,0.00156,0.009361,0.033316,0.040037,0.024973,16.1675,0.3025,0.243,-0.0432,-0.2593,0.2863,0,0.002,0.0,0.0
2026-01-01 08:00:00,N_FULL_02,Full,0.035556,-0.018738,0.040191,-0.002119,-0.012712,0.044679,0.057121,0.034258,16.1536,0.5462,0.0201,-0.0494,-0.2964,0.1786,0,0.0,0.0,0.0
2026-01-01 08:00:00,N_FULL_03,Full,0.036173,-0.018867,0.040798,-0.002976,-0.017859,0.051077,0.074035,0.041875,14.4386,0.371,0.4814,0.1226,0.7356,0.4814,1,0.0828,0.0137,0.0823
2026-01-01 08:00:00,N_FULL_04,Full,0.036229,-0.015205,0.03929,-0.000656,-0.003935,0.043384,0.052312,0.03629,16.7035,0.2143,0.0,0.0,0.0,0.2481,0,0.0008,0.0,0.0
2026-01-01 08:00:00,N_FULL_05,Full,0.035869,-0.018696,0.040449,-0.0011,-0.006601,0.054983,0.067951,0.045069,15.649,0.3052,0.0461,0.0418,0.251,0.1607,0,0.0,0.0,0.0
2026-01-01 08:00:00,N_FULL_06,Full,0.038109,-0.017475,0.041924,0.000811,0.004866,0.054667,0.076336,0.040883,17.4387,0.3229,0.0,0.0,0.0,0.2695,0,0.0009,0.0,0.0
2026-01-01 08:10:00,N_FULL_01,Full,0.036056,-0.018503,0.040526,3.3e-05,0.000197,0.041804,0.054819,0.033464,16.4205,0.6574,0.3353,0.0923,0.5537,0.3353,0,0.0015,0.0,0.0
2026-01-01 08:10:00,N_FULL_02,Full,0.037998,-0.020132,0.043002,0.002811,0.016864,0.03935,0.04986,0.029873,16.8434,0.6841,0.0,-0.0201,-0.1207,0.1786,0,0.0,0.0,0.0
2026-01-01 08:10:00,N_FULL_03,Full,0.037974,-0.018471,0.042229,0.001431,0.008586,0.0569,0.070852,0.041562,16.781,0.6019,0.6081,0.1267,0.7603,0.6081,1,0.0876,0.0048,0.0286
2026-01-01 08:10:00,N_FULL_04,Full,0.036551,-0.019534,0.041443,0.002153,0.012918,0.047911,0.060532,0.037239,16.8782,0.7614,0.069,0.069,0.4141,0.2481,0,0.0027,0.0,0.0
2026-01-01 08:10:00,N_FULL_05,Full,0.034451,-0.01718,0.038497,-0.001951,-0.011709,0.047863,0.06031,0.040287,18.065,0.2916,0.0,-0.0461,-0.2767,0.1607,0,0.0007,0.0,0.0
2026-01-01 08:10:00,N_FULL_06,Full,0.038015,-0.017971,0.042049,0.000124,0.000746,0.045703,0.056671,0.037449,17.4327,0.6212,0.0177,0.0177,0.1065,0.2695,0,0.0016,0.0,0.0
2026-01-01 08:20:00,N_FULL_01,Full,0.037189,-0.01913,0.041821,0.001295,0.00777,0.063333,0.089056,0.044901,22.0779,1.6613,0.3376,0.0023,0.0139,0.3376,0,0.0009,0.0,0.0
2026-01-01 08:20:00,N_FULL_02,Full,0.036553,-0.01991,0.041623,-0.001379,-0.008272,0.043192,0.056796,0.0312,18.4786,0.6895,0.085,0.085,0.51,0.1786,0,0.0,0.0,0.0
2026-01-01 08:20:00,N_FULL_03,Full,0.038045,-0.018915,0.042487,0.000259,0.001554,0.052567,0.075023,0.044924,15.8726,0.3764,0.4647,-0.1434,-0.8602,0.6081,1,0.0898,0.0022,0.0134
2026-01-01 08:20:00,N_FULL_04,Full,0.036885,-0.018576,0.041298,-0.000145,-0.000869,0.037142,0.044013,0.027935,15.7567,0.2387,0.0,-0.069,-0.4141,0.2481,0,0.0023,0.0,0.0
2026-01-01 08:20:00,N_FULL_05,Full,0.037295,-0.017174,0.041059,0.002562,0.015372,0.045664,0.053644,0.03373,16.0694,0.4927,0.0426,0.0426,0.2556,0.1607,0,0.0049,0.0,0.0
2026-01-01 08:20:00,N_FULL_06,Full,0.035538,-0.018639,0.040129,-0.00192,-0.011517,0.049839,0.059791,0.042024,16.1096,0.6935,0.0017,-0.016,-0.0962,0.2695,0,0.0,0.0,0.0
2026-01-01 08:30:00,N_FULL_01,Full,0.036454,-0.017521,0.040446,-0.001376,-0.008255,0.048607,0.056347,0.037296,16.4194,0.3511,0.3073,-0.0304,-0.1822,0.3376,0,0.0,0.0,0.0
2026-01-01 08:30:00,N_FULL_02,Full,0.034777,-0.020153,0.040194,-0.001429,-0.008575,0.046047,0.060781,0.038745,15.6881,0.7242,0.0,-0.085,-0.51,0.1786,0,0.0,0.0,0.0
2026-01-01 08:30:00,N_FULL_03,Full,0.035839,-0.018144,0.04017,-0.002318,-0.013906,0.038725,0.046521,0.033337,16.1615,0.583,0.6402,0.1755,1.0528,0.6402,1,0.1062,0.0164,0.0984
2026-01-01 08:30:00,N_FULL_04,Full,0.036037,-0.01883,0.04066,-0.000639,-0.003833,0.052999,0.072476,0.045417,16.0431,0.5208,0.0,0.0,0.0,0.2481,0,0.0004,0.0,0.0
2026-01-01 08:30:00,N_FULL_05,Full,0.033763,-0.018886,0.038687,-0.002373,-0.014236,0.07509,0.098709,0.057796,24.2506,2.1168,0.0,-0.0426,-0.2556,0.1607,0,0.0,0.0,0.0
2026-01-01 08:30:00,N_FULL_06,Full,0.035901,-0.018215,0.040258,0.000129,0.000771,0.049667,0.058246,0.040163,16.0004,0.2851,0.0,-0.0017,-0.0103,0.2695,0,0.0,0.0,0.0
2026-01-01 08:40:00,N_FULL_01,Full,0.037695,-0.019325,0.04236,0.001915,0.011488,0.102459,0.132467,0.085672,25.0143,2.8391,0.2415,-0.0658,-0.3945,0.3376,0,0.0,0.0,0.0
2026-01-01 08:40:00,N_FULL_02,Full,0.034439,-0.018125,0.038917,-0.001277,-0.007663,0.047901,0.057995,0.037854,17.3391,0.4044,0.0,0.0,0.0,0.1786,0,0.0014,0.0,0.0
2026-01-01 08:40:00,N_FULL_03,Full,0.038671,-0.018874,0.043032,0.002862,0.01717,0.045764,0.057132,0.033651,17.3773,0.7502,0.7184,0.0782,0.469,0.7184,1,0.107,0.0008,0.0049
2026-01-01 08:40:00,N_FULL_04,Full,0.035906,-0.019758,0.040983,0.000324,0.001943,0.033491,0.044308,0.025814,16.7863,0.2202,0.0,0.0,0.0,0.2481,0,0.0,0.0,0.0
2026-01-01 08:40:00,N_FULL_05,Full,0.033772,-0.02075,0.039637,0.00095,0.005702,0.046999,0.059876,0.040447,16.4476,0.3588,0.214,0.214,1.2841,0.214,0,0.0001,0.0,0.0
2026-01-01 08:40:00,N_FULL_06,Full,0.035767,-0.019319,0.040651,0.000393,0.00236,0.045765,0.059905,0.038906,17.113,0.338,0.0,0.0,0.0,0.2695,0,0.001,0.0,0.0
2026-01-01 08:50:00,N_FULL_01,Full,0.036371,-0.019464,0.041251,-0.001109,-0.006653,0.088771,0.108015,0.076636,24.999,1.4787,0.3751,0.1336,0.8019,0.3751,0,0.0026,0.0,0.0
2026-01-01 08:50:00,N_FULL_02,Full,0.035769,-0.018511,0.040275,0.001358,0.008149,0.052177,0.075108,0.038293,15.3991,0.2894,0.0,0.0,0.0,0.1786,0,0.0028,0.0,0.0
2026-01-01 08:50:00,N_FULL_03,Full,0.036434,-0.019724,0.04143,-0.001601,-0.009608,0.100214,0.124182,0.082409,28.2185,1.2175,0.7637,0.0453,0.2721,0.7637,1,0.1157,0.0086,0.0519
2026-01-01 08:50:00,N_FULL_04,Full,0.035043,-0.01974,0.040221,-0.000763,-0.004577,0.075637,0.097396,0.06447,18.0911,2.822,0.01,0.01,0.06,0.2481,0,0.0,0.0,0.0
2026-01-01 08:50:00,N_FULL_05,Full,0.037853,-0.019594,0.042624,0.002987,0.017923,0.067405,0.083133,0.048891,27.3967,1.2844,0.138,-0.076,-0.4562,0.214,0,0.0012,0.0,0.0
2026-01-01 08:50:00,N_FULL_06,Full,0.03486,-0.019103,0.039751,-0.0009,-0.005401,0.04224,0.055504,0.035036,14.9846,0.6318,0.029,0.029,0.174,0.2695,0,0.0,0.0,0.0
2026-01-01 09:00:00,N_FULL_01,Full,0.035904,-0.020411,0.0413,4.8e-05,0.00029,0.074066,0.098224,0.059137,26.8851,1.3628,0.3802,0.005,0.0301,0.3802,0,0.0,0.0,0.0
2026-01-01 09:00:00,N_FULL_02,Full,0.033631,-0.019157,0.038704,-0.001571,-0.009426,0.057634,0.083522,0.044985,16.3858,0.7052,0.0489,0.0489,0.2932,0.1786,0,0.0013,0.0,0.0
2026-01-01 09:00:00,N_FULL_03,Full,0.038014,-0.019216,0.042595,0.001165,0.006989,0.044499,0.051249,0.035281,15.1599,0.5859,0.7359,-0.0278,-0.1667,0.7637,1,0.121,0.0053,0.0319
2026-01-01 09:00:00,N_FULL_04,Full,0.035603,-0.018928,0.040321,0.000101,0.000604,0.038222,0.054676,0.029626,17.3278,0.6857,0.0479,0.0379,0.2277,0.2481,0,0.0009,0.0,0.0
2026-01-01 09:00:00,N_FULL_05,Full,0.033662,-0.019313,0.038809,-0.003816,-0.022893,0.03994,0.047067,0.029268,15.205,0.5868,0.01,-0.128,-0.768,0.214,0,0.0,0.0,0.0
2026-01-01 09:00:00,N_FULL_06,Full,0.033828,-0.018552,0.038582,-0.001169,-0.007017,0.043976,0.052606,0.034715,17.1483,0.4897,0.0,-0.029,-0.174,0.2695,0,0.0,0.0,0.0
2026-01-01 09:10:00,N_FULL_01,Full,0.03522,-0.02063,0.040818,-0.000482,-0.002892,0.097421,0.13717,0.069791,26.2472,3.1952,0.5428,0.1626,0.9755,0.5428,1,0.0569,0.0569,0.3415
2026-01-01 09:10:00,N_FULL_02,Full,0.033684,-0.018058,0.038219,-0.000485,-0.002908,0.042029,0.055502,0.033089,16.4639,0.7636,0.0864,0.0375,0.2249,0.1786,0,0.0006,0.0,0.0
2026-01-01 09:10:00,N_FULL_03,Full,0.034827,-0.020191,0.040256,-0.002339,-0.014033,0.092376,0.128694,0.080564,27.1207,1.1729,0.7064,-0.0295,-0.177,0.7637,1,0.1296,0.0085,0.0512
2026-01-01 09:10:00,N_FULL_04,Full,0.035335,-0.019143,0.040188,-0.000133,-0.0008,0.045255,0.061394,0.035715,14.4846,0.2343,0.031,-0.0169,-0.1014,0.2481,0,0.0,0.0,0.0
2026-01-01 09:10:00,N_FULL_05,Full,0.035136,-0.019711,0.040287,0.001478,0.008869,0.051785,0.072808,0.041895,15.8234,0.5351,0.2382,0.2282,1.3691,0.2382,0,0.0,0.0,0.0
2026-01-01 09:10:00,N_FULL_06,Full,0.035344,-0.019727,0.040476,0.001895,0.011368,0.048876,0.057574,0.037052,15.2723,0.5406,0.152,0.152,0.9119,0.2695,0,0.0,0.0,0.0
2026-01-01 09:20:00,N_FULL_01,Full,0.034268,-0.019891,0.039622,-0.001195,-0.007172,0.075579,0.093169,0.061719,21.1011,2.3272,0.6768,0.1341,0.8045,0.6768,1,0.0565,-0.0005,-0.0027
2026-01-01 09:20:00,N_FULL_02,Full,0.032942,-0.019159,0.038109,-0.000111,-0.000665,0.038088,0.04393,0.026837,15.7751,0.6518,0.0756,-0.0107,-0.0643,0.1786,0,0.0027,0.0,0.0
2026-01-01 09:20:00,N_FULL_03,Full,0.034501,-0.020966,0.040372,0.000116,0.000697,0.060345,0.074783,0.044379,15.6977,0.4472,0.8029,0.0965,0.5788,0.8029,1,0.136,0.0065,0.0387
2026-01-01 09:20:00,N_FULL_04,Full,0.034712,-0.019353,0.039743,-0.000445,-0.002672,0.052784,0.068225,0.042864,16.2853,0.6686,0.0492,0.0181,0.1088,0.2481,0,0.0033,0.0,0.0
2026-01-01 09:20:00,N_FULL_05,Full,0.033434,-0.018713,0.038315,-0.001972,-0.011831,0.08944,0.116276,0.077865,22.3278,1.3971,0.1293,-0.1089,-0.6532,0.2382,0,0.0025,0.0,0.0
2026-01-01 09:20:00,N_FULL_06,Full,0.032878,-0.020879,0.038947,-0.001529,-0.009173,0.058049,0.071122,0.049315,16.9733,0.4663,0.0441,-0.1079,-0.6475,0.2695,0,0.0,0.0,0.0
2026-01-01 09:30:00,N_FULL_01,Full,0.035317,-0.019698,0.040439,0.000817,0.004902,0.043061,0.060221,0.032288,15.7643,0.3362,0.3907,-0.2862,-1.717,0.6768,1,0.0609,0.0044,0.0264
2026-01-01 09:30:00,N_FULL_02,Full,0.034218,-0.019612,0.03944,0.001331,0.007989,0.056097,0.074711,0.039468,15.3163,0.5275,0.0125,-0.0632,-0.379,0.1786,0,0.0001,0.0,0.0
2026-01-01 09:30:00,N_FULL_03,Full,0.035908,-0.020184,0.041191,0.000819,0.004915,0.050516,0.059839,0.035483,14.9317,0.7491,0.8849,0.082,0.492,0.8849,1,0.1491,0.0131,0.0788
2026-01-01 09:30:00,N_FULL_04,Full,0.033467,-0.020783,0.039395,-0.000348,-0.002086,0.052113,0.069057,0.040159,16.031,0.7985,0.0011,-0.0481,-0.2885,0.2481,0,0.0,0.0,0.0
2026-01-01 09:30:00,N_FULL_05,Full,0.034686,-0.019059,0.039578,0.001263,0.007578,0.085587,0.0993,0.065507,25.9787,1.4467,0.1871,0.0578,0.3466,0.2382,0,0.0,0.0,0.0
2026-01-01 09:30:00,N_FULL_06,Full,0.032305,-0.019445,0.037706,-0.001241,-0.007447,0.05269,0.071254,0.039573,16.5047,0.275,0.0285,-0.0156,-0.0935,0.2695,0,0.0014,0.0,0.0
2026-01-01 09:40:00,N_FULL_01,Full,0.035454,-0.02055,0.040979,0.000539,0.003236,0.045829,0.064436,0.038055,14.3927,0.3699,0.618,0.2274,1.3643,0.6768,1,0.0715,0.0106,0.0638
2026-01-01 09:40:00,N_FULL_02,Full,0.033694,-0.019162,0.038762,-0.000678,-0.004069,0.071172,0.091539,0.053718,22.2584,1.3976,0.1415,0.129,0.774,0.1786,0,0.0,0.0,0.0
2026-01-01 09:40:00,N_FULL_03,Full,0.03285,-0.021818,0.039435,-0.001756,-0.010537,0.066624,0.079703,0.04704,14.805,0.3411,0.8782,-0.0067,-0.0399,0.8849,1,0.1468,-0.0023,-0.0139
2026-01-01 09:40:00,N_FULL_04,Full,0.034352,-0.020183,0.039842,0.000447,0.002682,0.053771,0.066995,0.038917,15.2142,0.4395,0.0258,0.0247,0.1484,0.2481,0,0.0,0.0,0.0
2026-01-01 09:40:00,N_FULL_05,Full,0.035127,-0.020028,0.040435,0.000857,0.005144,0.044609,0.061316,0.038879,15.9859,0.7928,0.275,0.088,0.5279,0.275,0,0.0004,0.0,0.0
2026-01-01 09:40:00,N_FULL_06,Full,0.033368,-0.019938,0.038871,0.001165,0.006987,0.052265,0.066499,0.040395,14.8825,0.3404,0.0,-0.0285,-0.171,0.2695,0,0.0,0.0,0.0
2026-01-01 09:50:00,N_FULL_01,Full,0.033539,-0.021278,0.039719,-0.00126,-0.007559,0.058325,0.068537,0.048508,13.5112,0.3528,0.5613,-0.0567,-0.3405,0.6768,1,0.0747,0.0032,0.0191
2026-01-01 09:50:00,N_FULL_02,Full,0.032479,-0.018084,0.037174,-0.001588,-0.009527,0.046376,0.060474,0.035869,14.2124,0.2298,0.1195,-0.022,-0.1321,0.1786,0,0.0035,0.0,0.0
2026-01-01 09:50:00,N_FULL_03,Full,0.034423,-0.020506,0.040068,0.000633,0.003796,0.094209,0.127749,0.068407,20.4482,2.8594,1.0082,0.13,0.78,1.0082,1,0.1614,0.0146,0.0873
2026-01-01 09:50:00,N_FULL_04,Full,0.033042,-0.020148,0.038701,-0.001141,-0.006849,0.076926,0.100104,0.060666,21.5294,1.8512,0.0,-0.0258,-0.1549,0.2481,0,0.0,0.0,0.0
2026-01-01 09:50:00,N_FULL_05,Full,0.03329,-0.020642,0.03917,-0.001265,-0.007589,0.093004,0.132676,0.080159,20.888,1.1034,0.3069,0.0319,0.1912,0.3069,0,0.0,0.0,0.0
2026-01-01 09:50:00,N_FULL_06,Full,0.033898,-0.017975,0.038369,-0.000502,-0.003009,0.057866,0.074314,0.043092,15.2846,0.5542,0.0,0.0,0.0,0.2695,0,0.0,0.0,0.0
2026-01-01 10:00:00,N_FULL_01,Full,0.033456,-0.019962,0.038959,-0.00076,-0.004561,0.049657,0.061285,0.040028,14.1849,0.7134,0.6298,0.0685,0.4107,0.6768,1,0.0847,0.01,0.0601
2026-01-01 10:00:00,N_FULL_02,Full,0.034015,-0.020659,0.039797,0.002623,0.015739,0.086497,0.107196,0.069753,23.3659,3.7595,0.091,-0.0285,-0.1707,0.1786,0,0.0,0.0,0.0
2026-01-01 10:00:00,N_FULL_03,Full,0.033514,-0.020925,0.03951,-0.000558,-0.00335,0.045753,0.05332,0.03244,14.1974,0.7518,1.1392,0.131,0.7857,1.1392,1,0.1606,-0.0008,-0.0048
2026-01-01 10:00:00,N_FULL_04,Full,0.032745,-0.019986,0.038362,-0.000338,-0.002029,0.070848,0.090505,0.056584,20.6166,2.9368,0.0072,0.0072,0.0429,0.2481,0,0.0,0.0,0.0
2026-01-01 10:00:00,N_FULL_05,Full,0.034236,-0.022479,0.040956,0.001786,0.010713,0.069837,0.098627,0.055137,21.8822,2.6394,0.3372,0.0303,0.1816,0.3372,0,0.0016,0.0,0.0
2026-01-01 10:00:00,N_FULL_06,Full,0.033874,-0.02076,0.039729,0.00136,0.008159,0.043244,0.059407,0.03421,15.195,0.3508,0.0591,0.0591,0.3545,0.2695,0,0.0,0.0,0.0
2026-01-01 10:10:00,N_FULL_01,Full,0.033591,-0.020195,0.039194,0.000236,0.001413,0.047321,0.060818,0.041269,15.998,0.5339,0.6145,-0.0152,-0.0912,0.6768,1,0.0919,0.0072,0.043
2026-01-01 10:10:00,N_FULL_02,Full,0.032614,-0.021015,0.038798,-0.000999,-0.005995,0.069094,0.091611,0.049396,21.8264,3.2,0.178,0.087,0.5218,0.1786,0,0.004,0.0,0.0
2026-01-01 10:10:00,N_FULL_03,Full,0.035175,-0.021409,0.041178,0.001668,0.010008,0.047562,0.05848,0.037293,16.282,0.2687,0.9626,-0.1766,-1.0596,1.1392,1,0.1727,0.0122,0.0729
2026-01-01 10:10:00,N_FULL_04,Full,0.033392,-0.020177,0.039015,0.000653,0.003916,0.044884,0.059745,0.038295,15.4239,0.7629,0.0088,0.0016,0.0096,0.2481,0,0.0,0.0,0.0
2026-01-01 10:10:00,N_FULL_05,Full,0.035168,-0.020805,0.040861,-9.5e-05,-0.000569,0.07696,0.097106,0.059604,26.9774,1.6559,0.4156,0.0785,0.4708,0.4156,0,0.0,0.0,0.0
2026-01-01 10:10:00,N_FULL_06,Full,0.031528,-0.021333,0.038067,-0.001662,-0.009971,0.044278,0.063568,0.034814,15.0068,0.6494,0.023,-0.0361,-0.2167,0.2695,0,0.0,0.0,0.0
2026-01-01 10:20:00,N_FULL_01,Full,0.033076,-0.022618,0.04007,0.000876,0.005257,0.05163,0.066952,0.043975,15.0515,0.6054,0.6339,0.0194,0.1164,0.6768,1,0.0973,0.0054,0.0327
2026-01-01 10:20:00,N_FULL_02,Full,0.031738,-0.022473,0.038889,9.1e-05,0.000544,0.07758,0.11246,0.054561,23.3433,1.005,0.3986,0.2206,1.3238,0.3986,0,0.0,0.0,0.0
2026-01-01 10:20:00,N_FULL_03,Full,0.033075,-0.020283,0.038799,-0.002379,-0.014271,0.060535,0.082865,0.052349,14.3446,0.7041,1.0577,0.0951,0.5707,1.1392,1,0.1831,0.0104,0.0624
2026-01-01 10:20:00,N_FULL_04,Full,0.032668,-0.02072,0.038685,-0.00033,-0.001981,0.056932,0.080702,0.04843,14.4236,0.2141,0.0,-0.0088,-0.0526,0.2481,0,0.0005,0.0,0.0
2026-01-01 10:20:00,N_FULL_05,Full,0.033626,-0.021393,0.039855,-0.001007,-0.00604,0.052391,0.070647,0.038381,15.3256,0.535,0.491,0.0754,0.4524,0.491,0,0.0,0.0,0.0
2026-01-01 10:20:00,N_FULL_06,Full,0.031864,-0.020121,0.037685,-0.000382,-0.002293,0.042469,0.049552,0.032232,14.873,0.7515,0.0563,0.0333,0.2,0.2695,0,0.0,0.0,0.0
2026-01-01 10:30:00,N_FULL_01,Full,0.034026,-0.022681,0.040893,0.000822,0.004933,0.045161,0.055601,0.034536,16.3288,0.2683,0.5364,-0.0976,-0.5854,0.6768,1,0.0998,0.0025,0.0152
2026-01-01 10:30:00,N_FULL_02,Full,0.03188,-0.020643,0.03798,-0.000909,-0.005453,0.0526,0.068648,0.037607,16.3632,0.649,0.0237,-0.3749,-2.2493,0.3986,0,0.0,0.0,0.0
2026-01-01 10:30:00,N_FULL_03,Full,0.03498,-0.021846,0.041242,0.002443,0.014655,0.09342,0.133509,0.067938,28.0845,2.9904,1.213,0.1553,0.9317,1.213,1,0.1889,0.0057,0.0345
2026-01-01 10:30:00,N_FULL_04,Full,0.031733,-0.01977,0.037388,-0.001297,-0.007784,0.050037,0.063801,0.041049,16.2714,0.2975,0.0,0.0,0.0,0.2481,0,0.0,0.0,0.0
2026-01-01 10:30:00,N_FULL_05,Full,0.034067,-0.020034,0.039521,-0.000333,-0.001999,0.08226,0.099039,0.061713,20.5852,3.249,0.5113,0.0202,0.1213,0.5113,0,0.0401,0.0,0.0
2026-01-01 10:30:00,N_FULL_06,Full,0.033089,-0.022775,0.04017,0.002484,0.014907,0.052873,0.073521,0.039888,14.7222,0.2278,0.0293,-0.027,-0.162,0.2695,0,0.0004,0.0,0.0
2026-01-01 10:40:00,N_FULL_01,Full,0.035088,-0.020899,0.04084,-5.2e-05,-0.000314,0.059177,0.074958,0.048022,14.3872,0.5134,0.7843,0.2479,1.4874,0.7843,1,0.1083,0.0084,0.0504
2026-01-01 10:40:00,N_FULL_02,Full,0.031706,-0.021009,0.038034,5.5e-05,0.000327,0.086357,0.103543,0.061701,23.5769,1.1388,0.3243,0.3006,1.8035,0.3986,0,0.0012,0.0,0.0
2026-01-01 10:40:00,N_FULL_03,Full,0.035458,-0.023376,0.04247,0.001228,0.007371,0.060105,0.083372,0.043432,15.1434,0.7721,1.2745,0.0615,0.3691,1.2745,1,0.1986,0.0097,0.0582
2026-01-01 10:40:00,N_FULL_04,Full,0.032961,-0.020243,0.038681,0.001293,0.007758,0.047841,0.068865,0.036616,14.5895,0.3627,0.1229,0.1229,0.7376,0.2481,0,0.0,0.0,0.0
2026-01-01 10:40:00,N_FULL_05,Full,0.031623,-0.022925,0.039058,-0.000463,-0.002778,0.079579,0.101313,0.063714,20.7477,2.671,0.5396,0.0283,0.1699,0.5396,0,0.0487,0.0,0.0
2026-01-01 10:40:00,N_FULL_06,Full,0.032799,-0.021837,0.039403,-0.000766,-0.004598,0.068389,0.091916,0.048162,23.8912,2.6619,0.1714,0.1421,0.8527,0.2695,0,0.0,0.0,0.0
2026-01-01 10:50:00,N_FULL_01,Full,0.032845,-0.021349,0.039174,-0.001666,-0.009997,0.057127,0.073469,0.048673,15.1267,0.7161,0.6809,-0.1034,-0.6204,0.7843,1,0.1147,0.0065,0.0388
2026-01-01 10:50:00,N_FULL_02,Full,0.032659,-0.02263,0.039733,0.001699,0.010194,0.054385,0.075223,0.04577,15.9644,0.7751,0.2933,-0.031,-0.1859,0.3986,0,0.0019,0.0,0.0
2026-01-01 10:50:00,N_FULL_03,Full,0.035474,-0.021595,0.04153,-0.00094,-0.005642,0.049508,0.071683,0.040377,15.3174,0.2078,1.2546,-0.0199,-0.1195,1.2745,1,0.2031,0.0045,0.0273
2026-01-01 10:50:00,N_FULL_04,Full,0.032965,-0.020616,0.038881,0.0002,0.001201,0.047865,0.05678,0.036272,14.5464,0.3624,0.1007,-0.0222,-0.1332,0.2481,0,0.0,0.0,0.0
2026-01-01 10:50:00,N_FULL_05,Full,0.033923,-0.021394,0.040106,0.001048,0.006285,0.04504,0.058448,0.03424,14.5972,0.2502,0.4468,-0.0928,-0.5565,0.5396,1,0.0602,0.0115,0.0689
2026-01-01 10:50:00,N_FULL_06,Full,0.034092,-0.021539,0.040326,0.000923,0.005537,0.062665,0.09057,0.04472,22.0047,2.8874,0.1828,0.0114,0.0686,0.2695,0,0.0019,0.0,0.0
2026-01-01 11:00:00,N_FULL_01,Full,0.031966,-0.021056,0.038278,-0.000897,-0.005379,0.052418,0.065556,0.044237,15.7939,0.3942,0.7493,0.0684,0.4105,0.7843,1,0.1224,0.0077,0.0462
2026-01-01 11:00:00,N_FULL_02,Full,0.034913,-0.019339,0.039911,0.000178,0.001066,0.048718,0.070307,0.038559,15.5026,0.6755,0.2203,-0.073,-0.4381,0.3986,0,0.0013,0.0,0.0
2026-01-01 11:00:00,N_FULL_03,Full,0.033494,-0.021664,0.039889,-0.00164,-0.009843,0.078137,0.095658,0.066603,22.4657,3.715,1.1981,-0.0565,-0.3392,1.2745,1,0.2133,0.0102,0.0613
2026-01-01 11:00:00,N_FULL_04,Full,0.032262,-0.021455,0.038744,-0.000137,-0.000819,0.066907,0.088135,0.051747,21.209,2.6867,0.1287,0.028,0.1679,0.2481,0,0.0006,0.0,0.0
2026-01-01 11:00:00,N_FULL_05,Full,0.033516,-0.020896,0.039497,-0.000609,-0.003656,0.052528,0.068712,0.041595,16.9072,0.6135,0.3844,-0.0624,-0.3745,0.5396,1,0.0627,0.0025,0.015
2026-01-01 11:00:00,N_FULL_06,Full,0.032326,-0.022422,0.039341,-0.000985,-0.005909,0.042507,0.050455,0.033877,15.9187,0.2386,0.1521,-0.0308,-0.1848,0.2695,0,0.0024,0.0,0.0
2026-01-01 11:10:00,N_FULL_01,Full,0.033745,-0.022546,0.040583,0.002306,0.013836,0.050922,0.065311,0.037054,16.3396,0.7227,0.8457,0.0964,0.5782,0.8457,1,0.128,0.0056,0.0338
2026-01-01 11:10:00,N_FULL_02,Full,0.035188,-0.022271,0.041644,0.001733,0.010396,0.057622,0.07274,0.041768,16.9365,0.7971,0.285,0.0647,0.3882,0.3986,0,0.0019,0.0,0.0
2026-01-01 11:10:00,N_FULL_03,Full,0.035031,-0.023795,0.042348,0.002459,0.014754,0.089167,0.120166,0.067654,22.919,2.7433,1.2395,0.0414,0.2483,1.2745,1,0.2148,0.0015,0.0089
2026-01-01 11:10:00,N_FULL_04,Full,0.030947,-0.021602,0.037741,-0.001004,-0.006022,0.057145,0.081608,0.044216,13.0808,0.354,0.0416,-0.0871,-0.5228,0.2481,0,0.0012,0.0,0.0
2026-01-01 11:10:00,N_FULL_05,Full,0.0347,-0.02222,0.041205,0.001708,0.01025,0.099776,0.139911,0.083193,25.8319,1.7952,0.5512,0.1668,1.0005,0.5512,1,0.0724,0.0097,0.0581
2026-01-01 11:10:00,N_FULL_06,Full,0.03441,-0.021263,0.040449,0.001108,0.006646,0.082807,0.112065,0.06291,24.1098,1.4726,0.0699,-0.0822,-0.4932,0.2695,0,0.0,0.0,0.0
2026-01-01 11:20:00,N_FULL_01,Full,0.034669,-0.022345,0.041246,0.000662,0.003974,0.043961,0.057247,0.032391,16.054,0.5869,0.7806,-0.0651,-0.3906,0.8457,1,0.1336,0.0056,0.0335
2026-01-01 11:20:00,N_FULL_02,Full,0.033444,-0.022101,0.040087,-0.001557,-0.009343,0.050773,0.066778,0.041333,15.5583,0.5006,0.1976,-0.0874,-0.5244,0.3986,0,0.0005,0.0,0.0
2026-01-01 11:20:00,N_FULL_03,Full,0.035755,-0.02138,0.041659,-0.000689,-0.004133,0.103665,0.14729,0.082315,23.7389,1.3324,1.3597,0.1202,0.7213,1.3597,1,0.2223,0.0075,0.0448
2026-01-01 11:20:00,N_FULL_04,Full,0.034812,-0.020797,0.040551,0.00281,0.016862,0.057596,0.077112,0.046685,14.7598,0.3077,0.1057,0.0642,0.385,0.2481,0,0.004,0.0,0.0
2026-01-01 11:20:00,N_FULL_05,Full,0.033811,-0.021579,0.04011,-0.001095,-0.006567,0.09353,0.121602,0.076822,19.7923,2.2239,0.5449,-0.0063,-0.0375,0.5512,1,0.0759,0.0036,0.0215
2026-01-01 11:20:00,N_FULL_06,Full,0.032782,-0.022018,0.03949,-0.000959,-0.005755,0.039264,0.047936,0.032982,17.7587,0.6892,0.2878,0.2179,1.3076,0.2878,0,0.0,0.0,0.0
2026-01-01 11:30:00,N_FULL_01,Full,0.035311,-0.021983,0.041595,0.000349,0.002094,0.081459,0.100184,0.062317,24.9688,2.8685,0.9,0.1195,0.7169,0.9,1,0.1433,0.0096,0.0579
2026-01-01 11:30:00,N_FULL_02,Full,0.034607,-0.019943,0.039943,-0.000144,-0.000864,0.077132,0.101202,0.067254,24.2076,3.5763,0.3443,0.1467,0.8802,0.3986,0,0.0,0.0,0.0
2026-01-01 11:30:00,N_FULL_03,Full,0.036686,-0.02203,0.042793,0.001134,0.006802,0.070714,0.087358,0.0534,25.4876,1.3972,1.2676,-0.0921,-0.5523,1.3597,1,0.2285,0.0062,0.0371
2026-01-01 11:30:00,N_FULL_04,Full,0.032576,-0.020483,0.03848,-0.002071,-0.012424,0.03644,0.048734,0.029,15.0844,0.6575,0.1038,-0.002,-0.0118,0.2481,0,0.0022,0.0,0.0
2026-01-01 11:30:00,N_FULL_05,Full,0.036661,-0.023956,0.043794,0.003684,0.022102,0.052841,0.069573,0.040097,15.8065,0.4698,0.6227,0.0778,0.467,0.6227,1,0.0786,0.0027,0.0161
2026-01-01 11:30:00,N_FULL_06,Full,0.034751,-0.022041,0.041151,0.001661,0.009968,0.046142,0.058404,0.033349,15.8255,0.4745,0.1507,-0.1371,-0.8224,0.2878,0,0.0,0.0,0.0
2026-01-01 11:40:00,N_FULL_01,Full,0.036636,-0.02328,0.043407,0.001812,0.010871,0.04686,0.055292,0.036754,16.0318,0.2535,0.9392,0.0392,0.2351,0.9392,1,0.1428,-0.0004,-0.0026
2026-01-01 11:40:00,N_FULL_02,Full,0.034358,-0.021524,0.040543,0.0006,0.003601,0.069276,0.084267,0.049006,20.9909,2.8134,0.3268,-0.0175,-0.1053,0.3986,0,0.043,0.0,0.0
2026-01-01 11:40:00,N_FULL_03,Full,0.035821,-0.021024,0.041535,-0.001258,-0.007549,0.042693,0.053744,0.033773,14.6248,0.4669,1.1662,-0.1015,-0.6087,1.3597,1,0.2387,0.0103,0.0617
2026-01-01 11:40:00,N_FULL_04,Full,0.034273,-0.021098,0.040246,0.001766,0.010597,0.069838,0.099932,0.05824,22.5387,1.414,0.015,-0.0888,-0.5328,0.2481,0,0.0027,0.0,0.0
2026-01-01 11:40:00,N_FULL_05,Full,0.035567,-0.020734,0.041169,-0.002625,-0.015747,0.038524,0.047924,0.029868,15.8232,0.3138,0.5322,-0.0906,-0.5434,0.6227,1,0.0886,0.01,0.0601
2026-01-01 11:40:00,N_FULL_06,Full,0.033727,-0.020775,0.039612,-0.001539,-0.009235,0.050865,0.067321,0.035961,14.2447,0.3769,0.2533,0.1026,0.6154,0.2878,0,0.0,0.0,0.0
2026-01-01 11:50:00,N_FULL_01,Full,0.035601,-0.023612,0.04272,-0.000687,-0.004123,0.042225,0.053198,0.029874,15.4058,0.3659,0.8821,-0.0571,-0.3427,0.9392,1,0.1559,0.013,0.0783
2026-01-01 11:50:00,N_FULL_02,Full,0.036788,-0.021942,0.042834,0.002292,0.013749,0.089781,0.111865,0.076415,24.7276,1.7698,0.4243,0.0975,0.585,0.4243,0,0.0443,0.0,0.0
2026-01-01 11:50:00,N_FULL_03,Full,0.036316,-0.02263,0.04279,0.001255,0.007532,0.053598,0.071708,0.039976,16.3141,0.2234,1.5044,0.3383,2.0296,1.5044,1,0.2434,0.0047,0.028
2026-01-01 11:50:00,N_FULL_04,Full,0.03393,-0.021859,0.040361,0.000115,0.000688,0.047364,0.059302,0.036121,15.7482,0.6175,0.0588,0.0439,0.2632,0.2481,0,0.0017,0.0,0.0
2026-01-01 11:50:00,N_FULL_05,Full,0.03691,-0.02017,0.042062,0.000892,0.005355,0.045055,0.059189,0.03477,16.7115,0.4108,0.7277,0.1955,1.1732,0.7277,1,0.0953,0.0066,0.0399
2026-01-01 11:50:00,N_FULL_06,Full,0.036404,-0.021956,0.042513,0.002901,0.017406,0.044928,0.052116,0.035551,14.8967,0.7853,0.3204,0.0671,0.4025,0.3204,0,0.0,0.0,0.0
2026-01-01 12:00:00,N_FULL_01,Full,0.036763,-0.022425,0.043063,0.000344,0.002062,0.052565,0.062121,0.039587,16.9493,0.2061,0.9091,0.027,0.1621,0.9392,1,0.1611,0.0052,0.0311
2026-01-01 12:00:00,N_FULL_02,Full,0.033397,-0.022422,0.040226,-0.002608,-0.01565,0.045524,0.064829,0.03809,16.0753,0.2923,0.5174,0.0931,0.5586,0.5174,1,0.053,0.0087,0.0521
2026-01-01 12:00:00,N_FULL_03,Full,0.037118,-0.021802,0.043047,0.000257,0.001542,0.076363,0.093178,0.053636,26.6385,3.4731,1.4203,-0.0841,-0.5046,1.5044,1,0.2568,0.0134,0.0806
2026-01-01 12:00:00,N_FULL_04,Full,0.034317,-0.022365,0.040962,0.000601,0.003604,0.05024,0.068223,0.038777,17.0179,0.7838,0.1613,0.1025,0.6148,0.2481,0,0.002,0.0,0.0
2026-01-01 12:00:00,N_FULL_05,Full,0.036718,-0.022776,0.043209,0.001147,0.00688,0.050774,0.067722,0.043424,18.3249,0.3829,0.5469,-0.1808,-1.0851,0.7277,1,0.0979,0.0026,0.0159
2026-01-01 12:00:00,N_FULL_06,Full,0.034102,-0.020059,0.039564,-0.002949,-0.017693,0.055038,0.064211,0.046654,16.7824,0.7602,0.2653,-0.0551,-0.3306,0.3204,0,0.0,0.0,0.0
2026-01-01 12:10:00,N_FULL_01,Full,0.036594,-0.022872,0.043154,9.1e-05,0.000543,0.050756,0.065324,0.042713,16.3658,0.7061,1.1007,0.1916,1.1495,1.1007,1,0.1711,0.01,0.06
2026-01-01 12:10:00,N_FULL_02,Full,0.036437,-0.0204,0.041759,0.001533,0.009197,0.054218,0.068176,0.038128,16.5906,0.5124,0.4904,-0.027,-0.1618,0.5174,1,0.0588,0.0059,0.0353
2026-01-01 12:10:00,N_FULL_03,Full,0.038384,-0.022777,0.044633,0.001586,0.009517,0.04791,0.057276,0.040605,16.0469,0.4054,1.6002,0.1798,1.0791,1.6002,1,0.2638,0.0069,0.0416
2026-01-01 12:10:00,N_FULL_04,Full,0.035409,-0.021676,0.041516,0.000555,0.003329,0.068879,0.088645,0.051164,20.1193,1.917,0.1971,0.0358,0.2148,0.2481,0,0.0,0.0,0.0
2026-01-01 12:10:00,N_FULL_05,Full,0.035956,-0.0233,0.042845,-0.000363,-0.00218,0.052267,0.069298,0.041424,16.5343,0.4834,0.786,0.2391,1.4347,0.786,1,0.1011,0.0031,0.0187
2026-01-01 12:10:00,N_FULL_06,Full,0.037539,-0.020115,0.042589,0.003025,0.01815,0.04848,0.059099,0.042369,15.8197,0.4312,0.3297,0.0645,0.3868,0.3297,0,0.0,0.0,0.0
2026-01-01 12:20:00,N_FULL_01,Full,0.037721,-0.021345,0.043341,0.000187,0.001125,0.048577,0.056216,0.036643,16.7552,0.4239,1.0177,-0.083,-0.4982,1.1007,1,0.1756,0.0045,0.0271
2026-01-01 12:20:00,N_FULL_02,Full,0.037902,-0.019541,0.042643,0.000884,0.005303,0.078082,0.110868,0.063777,19.2015,3.6654,0.5312,0.0408,0.2449,0.5312,1,0.0656,0.0068,0.0406
2026-01-01 12:20:00,N_FULL_03,Full,0.035802,-0.022175,0.042113,-0.00252,-0.015119,0.046825,0.064426,0.034434,16.5824,0.7336,1.5128,-0.0874,-0.5244,1.6002,1,0.2623,-0.0015,-0.0089
2026-01-01 12:20:00,N_FULL_04,Full,0.037494,-0.021271,0.043107,0.001591,0.009546,0.039714,0.056954,0.030908,16.7012,0.6232,0.1654,-0.0317,-0.1901,0.2481,0,0.0041,0.0,0.0
2026-01-01 12:20:00,N_FULL_05,Full,0.036432,-0.022012,0.042565,-0.00028,-0.001679,0.051778,0.066122,0.044734,17.4688,0.6691,0.7513,-0.0347,-0.2079,0.786,1,0.1178,0.0167,0.1001
2026-01-01 12:20:00,N_FULL_06,Full,0.036635,-0.020864,0.042159,-0.00043,-0.002579,0.029862,0.042625,0.025761,16.0524,0.2079,0.3923,0.0625,0.3753,0.3923,0,0.0,0.0,0.0
2026-01-01 12:30:00,N_FULL_01,Full,0.038306,-0.022207,0.044278,0.000936,0.005618,0.042896,0.055631,0.03264,17.1355,0.6809,0.9517,-0.0659,-0.3957,1.1007,1,0.178,0.0024,0.0143
2026-01-01 12:30:00,N_FULL_02,Full,0.034522,-0.021024,0.04042,-0.002223,-0.013337,0.050698,0.062778,0.044208,21.2521,3.9324,0.5002,-0.031,-0.1858,0.5312,1,0.0661,0.0005,0.0027
2026-01-01 12:30:00,N_FULL_03,Full,0.037424,-0.021814,0.043317,0.001204,0.007223,0.085809,0.122964,0.070309,26.1087,2.9311,1.436,-0.0768,-0.461,1.6002,1,0.2761,0.0138,0.0826
2026-01-01 12:30:00,N_FULL_04,Full,0.035956,-0.021215,0.041748,-0.001359,-0.008156,0.083685,0.112626,0.072721,21.432,2.4752,0.2694,0.104,0.6241,0.2694,0,0.0,0.0,0.0
2026-01-01 12:30:00,N_FULL_05,Full,0.036665,-0.021872,0.042693,0.000128,0.000766,0.049179,0.065169,0.041673,17.3372,0.2848,0.8497,0.0983,0.5901,0.8497,1,0.1192,0.0014,0.0084
2026-01-01 12:30:00,N_FULL_06,Full,0.035839,-0.021897,0.041999,-0.00016,-0.000961,0.060621,0.086741,0.044189,22.1316,2.3819,0.3035,-0.0888,-0.5327,0.3923,0,0.0388,0.0,0.0
2026-01-01 12:40:00,N_FULL_01,Full,0.034386,-0.020353,0.039958,-0.00432,-0.025919,0.063928,0.07907,0.049197,23.2549,1.8765,0.9255,-0.0263,-0.1578,1.1007,1,0.1778,-0.0002,-0.001
2026-01-01 12:40:00,N_FULL_02,Full,0.037235,-0.021656,0.043075,0.002655,0.015929,0.045737,0.064094,0.037648,18.9313,0.4953,0.4481,-0.0521,-0.3129,0.5312,1,0.0681,0.0021,0.0125
2026-01-01 12:40:00,N_FULL_03,Full,0.036958,-0.022952,0.043505,0.000188,0.001128,0.039713,0.046279,0.030865,17.0981,0.2555,1.597,0.161,0.966,1.6002,1,0.2803,0.0042,0.0253
2026-01-01 12:40:00,N_FULL_04,Full,0.034918,-0.021709,0.041116,-0.000632,-0.003792,0.063798,0.088393,0.050649,21.9005,3.6837,0.093,-0.1764,-1.0584,0.2694,0,0.0,0.0,0.0
2026-01-01 12:40:00,N_FULL_05,Full,0.03657,-0.019693,0.041535,-0.001158,-0.00695,0.04772,0.059102,0.035719,16.931,0.6302,0.8486,-0.0011,-0.0066,0.8497,1,0.1238,0.0046,0.0276
2026-01-01 12:40:00,N_FULL_06,Full,0.035282,-0.020975,0.041046,-0.000953,-0.005716,0.048439,0.058438,0.034644,17.6312,0.6783,0.3527,0.0492,0.2952,0.3923,0,0.0482,0.0,0.0
2026-01-01 12:50:00,N_FULL_01,Full,0.037672,-0.02219,0.043722,0.003764,0.022584,0.08422,0.098278,0.062591,27.9644,1.2163,1.0964,0.1709,1.0255,1.1007,1,0.1942,0.0163,0.098
2026-01-01 12:50:00,N_FULL_02,Full,0.036379,-0.020818,0.041915,-0.00116,-0.00696,0.040651,0.053186,0.033004,18.0905,0.4142,0.3235,-0.1245,-0.7473,0.5312,1,0.0813,0.0131,0.0788
2026-01-01 12:50:00,N_FULL_03,Full,0.037286,-0.022757,0.043683,0.000177,0.001063,0.045325,0.061024,0.03514,17.2724,0.3028,1.5581,-0.0389,-0.2332,1.6002,1,0.286,0.0057,0.0344
2026-01-01 12:50:00,N_FULL_04,Full,0.038372,-0.022066,0.044265,0.003149,0.018892,0.038841,0.052048,0.031994,18.3378,0.7151,0.1353,0.0423,0.2538,0.2694,0,0.0003,0.0,0.0
2026-01-01 12:50:00,N_FULL_05,Full,0.037685,-0.020804,0.043047,0.001512,0.009071,0.044767,0.054201,0.038218,16.9642,0.6775,0.7147,-0.1338,-0.8031,0.8497,1,0.1256,0.0019,0.0112
2026-01-01 12:50:00,N_FULL_06,Full,0.035999,-0.019711,0.041042,-4e-06,-2.6e-05,0.04562,0.065487,0.037508,18.1044,0.6483,0.3866,0.0339,0.2035,0.3923,1,0.0512,0.003,0.0181
2026-01-01 13:00:00,N_FULL_01,Full,0.038388,-0.02072,0.043623,-9.9e-05,-0.000593,0.050313,0.058771,0.043248,16.9743,0.5108,1.1075,0.0112,0.0669,1.1075,1,0.1954,0.0013,0.0075
2026-01-01 13:00:00,N_FULL_02,Full,0.03605,-0.020546,0.041493,-0.000421,-0.002529,0.052249,0.061027,0.042601,25.4255,3.7358,0.7434,0.4198,2.519,0.7434,1,0.0833,0.0021,0.0124
2026-01-01 13:00:00,N_FULL_03,Full,0.03675,-0.021398,0.042526,-0.001157,-0.00694,0.043561,0.062083,0.033026,16.0167,0.5227,1.6089,0.0508,0.3045,1.6089,1,0.2996,0.0135,0.0813
2026-01-01 13:00:00,N_FULL_04,Full,0.036219,-0.021028,0.041881,-0.002384,-0.014302,0.032298,0.042108,0.023797,17.3092,0.4897,0.1782,0.0428,0.2571,0.2694,0,0.0,0.0,0.0
2026-01-01 13:00:00,N_FULL_05,Full,0.038714,-0.020386,0.043753,0.000707,0.004239,0.032177,0.040424,0.027048,16.5951,0.7836,0.8901,0.1754,1.0525,0.8901,1,0.1354,0.0098,0.0588
2026-01-01 13:00:00,N_FULL_06,Full,0.03513,-0.021912,0.041403,0.000361,0.002168,0.056024,0.076474,0.045682,24.1108,3.1731,0.2581,-0.1286,-0.7713,0.3923,1,0.054,0.0028,0.017
2026-01-01 13:10:00,N_FULL_01,Full,0.037806,-0.019121,0.042366,-0.001257,-0.00754,0.063191,0.075258,0.048881,29.616,3.085,1.154,0.0465,0.2787,1.154,1,0.2085,0.0131,0.0783
2026-01-01 13:10:00,N_FULL_02,Full,0.03439,-0.02146,0.040536,-0.000957,-0.005742,0.036302,0.052378,0.029109,17.8431,0.5005,0.5695,-0.1739,-1.0432,0.7434,1,0.0935,0.0101,0.0607
2026-01-01 13:10:00,N_FULL_03,Full,0.039039,-0.019754,0.043753,0.001227,0.00736,0.038624,0.046398,0.030224,18.1782,0.3599,1.5826,-0.0262,-0.1575,1.6089,1,0.3049,0.0053,0.0321
2026-01-01 13:10:00,N_FULL_04,Full,0.038175,-0.020054,0.043122,0.001241,0.007446,0.038784,0.05002,0.031869,17.176,0.6714,0.2573,0.0791,0.4746,0.2694,0,0.0,0.0,0.0
2026-01-01 13:10:00,N_FULL_05,Full,0.037976,-0.018494,0.04224,-0.001513,-0.009078,0.037518,0.051768,0.032615,17.8403,0.2146,0.8743,-0.0158,-0.0947,0.8901,1,0.1437,0.0083,0.0499
2026-01-01 13:10:00,N_FULL_06,Full,0.037339,-0.022085,0.043381,0.001977,0.011864,0.059129,0.078842,0.044047,20.3477,3.6359,0.4619,0.2038,1.2228,0.4619,1,0.0583,0.0043,0.0256
2026-01-01 13:20:00,N_FULL_01,Full,0.039303,-0.019128,0.04371,0.001344,0.008063,0.094012,0.113556,0.073626,26.2708,3.4443,1.0413,-0.1127,-0.6761,1.154,1,0.2092,0.0007,0.0043
2026-01-01 13:20:00,N_FULL_02,Full,0.037483,-0.017625,0.04142,0.000884,0.005304,0.034717,0.041286,0.027323,18.7442,0.7362,0.6409,0.0714,0.4282,0.7434,1,0.0999,0.0065,0.0388
2026-01-01 13:20:00,N_FULL_03,Full,0.039807,-0.021939,0.045453,0.0017,0.010203,0.064107,0.091022,0.056095,28.5432,1.3252,1.6083,0.0256,0.1539,1.6089,1,0.3098,0.0049,0.0294
2026-01-01 13:20:00,N_FULL_04,Full,0.038605,-0.020311,0.043621,0.000499,0.002997,0.036538,0.047205,0.026304,18.3575,0.4463,0.1491,-0.1082,-0.649,0.2694,0,0.0019,0.0,0.0
2026-01-01 13:20:00,N_FULL_05,Full,0.037672,-0.021004,0.043132,0.000892,0.00535,0.093194,0.131505,0.065378,26.7479,2.991,0.8352,-0.0391,-0.2347,0.8901,1,0.1461,0.0024,0.0142
2026-01-01 13:20:00,N_FULL_06,Full,0.036113,-0.020611,0.041581,-0.0018,-0.010801,0.043993,0.056129,0.036131,18.6719,0.7112,0.4946,0.0328,0.1966,0.4946,1,0.0647,0.0064,0.0387
2026-01-01 13:30:00,N_FULL_01,Full,0.038479,-0.019724,0.04324,-0.00047,-0.002822,0.040712,0.054087,0.030908,18.9445,0.7935,1.2117,0.1705,1.0227,1.2117,1,0.2181,0.0089,0.0533
2026-01-01 13:30:00,N_FULL_02,Full,0.037722,-0.019466,0.042449,0.001028,0.00617,0.037795,0.050656,0.027,18.2158,0.2713,0.6194,-0.0215,-0.1288,0.7434,1,0.0982,-0.0017,-0.0104
2026-01-01 13:30:00,N_FULL_03,Full,0.038056,-0.021833,0.043874,-0.001579,-0.009476,0.039368,0.052906,0.033886,18.2568,0.4312,1.7138,0.1055,0.6332,1.7138,1,0.3152,0.0054,0.0323
2026-01-01 13:30:00,N_FULL_04,Full,0.037475,-0.019892,0.042427,-0.001195,-0.007168,0.078927,0.102903,0.060625,21.9122,1.0096,0.2964,0.1473,0.884,0.2964,0,0.0033,0.0,0.0
2026-01-01 13:30:00,N_FULL_05,Full,0.037941,-0.019493,0.042656,-0.000476,-0.002856,0.086868,0.100369,0.070618,24.2464,3.3543,0.8252,-0.01,-0.0599,0.8901,1,0.1542,0.0081,0.0488
2026-01-01 13:30:00,N_FULL_06,Full,0.03815,-0.021324,0.043705,0.002124,0.012747,0.049669,0.069196,0.041913,24.9351,2.7615,0.4324,-0.0622,-0.3734,0.4946,1,0.0691,0.0043,0.026
2026-01-01 13:40:00,N_FULL_01,Full,0.038979,-0.020975,0.044264,0.001024,0.006147,0.044286,0.05531,0.038065,19.3766,0.4647,1.1512,-0.0606,-0.3635,1.2117,1,0.2276,0.0095,0.0572
2026-01-01 13:40:00,N_FULL_02,Full,0.038155,-0.019484,0.042842,0.000393,0.00236,0.073123,0.097064,0.055381,22.2019,3.1136,0.6639,0.0445,0.2669,0.7434,1,0.1023,0.0042,0.0249
2026-01-01 13:40:00,N_FULL_03,Full,0.036691,-0.020778,0.042166,-0.001708,-0.010246,0.035961,0.050983,0.027861,18.9223,0.2958,1.844,0.1303,0.7816,1.844,1,0.3278,0.0126,0.0756
2026-01-01 13:40:00,N_FULL_04,Full,0.037222,-0.021346,0.042909,0.000482,0.00289,0.042313,0.049702,0.036948,19.7853,0.7656,0.1474,-0.149,-0.8943,0.2964,0,0.003,0.0,0.0
2026-01-01 13:40:00,N_FULL_05,Full,0.036032,-0.018686,0.040589,-0.002067,-0.012403,0.048279,0.063777,0.039566,19.6344,0.2311,0.7843,-0.041,-0.2459,0.8901,1,0.1575,0.0032,0.0195
2026-01-01 13:40:00,N_FULL_06,Full,0.039071,-0.019452,0.043645,-6e-05,-0.00036,0.038889,0.045001,0.034085,17.4593,0.7412,0.4581,0.0257,0.1541,0.4946,1,0.0745,0.0054,0.0325
2026-01-01 13:50:00,N_FULL_01,Full,0.037539,-0.019455,0.042281,-0.001983,-0.011901,0.04719,0.06458,0.038148,17.4159,0.681,1.2212,0.07,0.4202,1.2212,1,0.23,0.0024,0.0145
2026-01-01 13:50:00,N_FULL_02,Full,0.036573,-0.01999,0.04168,-0.001162,-0.006973,0.041449,0.050194,0.032048,18.5716,0.3395,0.5745,-0.0894,-0.5365,0.7434,1,0.1117,0.0093,0.0559
